ply
format ascii 1.0
element vertex 6073
property float x
property float y
property float z
property uchar red
property uchar green
property uchar blue
end_header
9.53 -96.26 528.00 186 186 182
10.38 -96.07 527.00 192 189 184
11.25 -96.07 527.00 191 188 183
12.09 -95.89 526.00 195 186 179
12.93 -95.71 525.00 189 180 173
13.79 -95.71 525.00 177 157 147
14.63 -95.53 524.00 165 145 135
15.46 -95.35 523.00 167 132 117
16.29 -95.16 522.00 155 120 105
17.15 -95.16 522.00 153 113 87
17.97 -94.98 521.00 154 114 88
18.83 -94.98 521.00 158 114 82
19.69 -94.98 521.00 152 108 76
20.54 -94.98 521.00 159 114 78
21.44 -95.16 522.00 161 116 80
22.30 -95.16 522.00 164 119 83
23.12 -94.98 521.00 158 113 77
23.97 -94.98 521.00 165 119 88
24.83 -94.98 521.00 166 120 89
25.69 -94.98 521.00 166 127 98
26.54 -94.98 521.00 167 128 99
27.51 -95.35 523.00 173 139 117
28.42 -95.53 524.00 177 143 121
29.28 -95.53 524.00 173 149 135
30.26 -95.89 526.00 187 163 149
31.18 -96.07 527.00 193 180 169
32.05 -96.07 527.00 199 186 175
32.60 -95.16 522.00 188 181 173
33.46 -95.16 522.00 188 181 173
34.32 -95.16 522.00 186 182 175
8.56 -94.30 522.00 196 192 183
9.40 -94.12 521.00 196 192 183
10.24 -93.94 520.00 181 166 156
11.10 -93.94 520.00 164 149 139
11.93 -93.76 519.00 154 125 111
12.78 -93.76 519.00 140 111 97
13.79 -94.84 525.00 146 106 82
14.63 -94.66 524.00 150 110 86
15.46 -94.48 523.00 157 109 76
16.29 -94.30 522.00 160 112 79
17.15 -94.30 522.00 162 110 70
17.97 -94.12 521.00 162 110 70
18.83 -94.12 521.00 165 112 67
19.69 -94.12 521.00 164 111 66
20.54 -94.12 521.00 163 108 62
21.44 -94.30 522.00 166 111 65
22.30 -94.30 522.00 166 112 63
23.12 -94.12 521.00 166 112 63
23.97 -94.12 521.00 165 113 63
24.83 -94.12 521.00 167 115 65
25.69 -94.12 521.00 163 112 67
26.54 -94.12 521.00 163 112 67
27.51 -94.48 523.00 169 124 88
28.42 -94.66 524.00 168 123 87
29.28 -94.66 524.00 171 131 105
30.26 -95.02 526.00 173 133 107
30.59 -93.40 517.00 162 129 114
31.44 -93.40 517.00 180 147 132
32.60 -94.30 522.00 187 167 157
33.46 -94.30 522.00 196 176 166
34.32 -94.30 522.00 195 186 177
35.32 -94.66 524.00 192 183 174
36.38 -95.21 527.00 186 182 175
6.87 -93.80 524.00 197 188 181
7.70 -93.44 522.00 182 173 166
8.56 -93.44 522.00 168 147 134
9.40 -93.26 521.00 149 128 115
10.24 -93.08 520.00 139 103 82
11.10 -93.08 520.00 149 113 92
11.93 -92.90 519.00 154 110 80
12.78 -92.90 519.00 153 109 79
13.43 -91.47 511.00 157 108 69
14.24 -91.29 510.00 158 109 70
15.08 -91.29 510.00 162 109 64
15.92 -91.29 510.00 161 108 63
16.72 -91.11 509.00 162 105 57
17.52 -90.94 508.00 162 105 57
18.36 -90.94 508.00 164 108 55
19.20 -90.94 508.00 162 106 53
20.03 -90.94 508.00 164 106 52
20.87 -90.94 508.00 165 107 53
21.70 -90.94 508.00 165 107 51
22.49 -90.76 507.00 165 107 51
23.33 -90.76 507.00 165 107 51
24.16 -90.76 507.00 165 107 51
30.59 -92.55 517.00 172 126 95
31.44 -92.55 517.00 178 132 101
32.60 -93.44 522.00 165 129 110
32.89 -91.83 513.00 168 132 113
33.73 -91.83 513.00 167 141 130
35.05 -93.08 520.00 187 161 150
35.90 -93.08 520.00 195 184 175
36.76 -93.08 520.00 194 183 174
5.97 -92.40 521.00 178 169 160
13.43 -90.63 511.00 162 105 55
14.24 -90.45 510.00 162 105 55
15.08 -90.45 510.00 163 105 51
15.92 -90.45 510.00 163 105 51
16.72 -90.27 509.00 163 103 45
17.52 -90.10 508.00 164 104 46
18.36 -90.10 508.00 167 104 45
19.20 -90.10 508.00 166 103 44
20.03 -90.10 508.00 167 105 43
20.87 -90.10 508.00 167 105 43
21.19 -87.97 496.00 167 105 41
22.01 -87.97 496.00 167 105 41
22.68 -87.44 493.00 167 105 41
23.45 -87.26 492.00 168 106 42
24.26 -87.26 492.00 169 107 45
25.07 -87.26 492.00 169 107 45
25.93 -87.44 493.00 168 108 50
26.74 -87.44 493.00 171 111 53
27.55 -87.44 493.00 172 114 62
28.42 -87.61 494.00 173 115 63
29.29 -87.79 495.00 169 114 68
30.10 -87.79 495.00 169 114 68
30.92 -87.79 495.00 171 123 86
32.89 -90.98 513.00 176 128 91
33.73 -90.98 513.00 175 135 111
35.05 -92.23 520.00 174 134 110
35.90 -92.23 520.00 168 139 125
36.76 -92.23 520.00 173 144 130
37.97 -93.11 525.00 193 180 169
38.76 -92.94 524.00 197 184 173
3.38 -90.84 517.00 196 185 176
4.23 -90.84 517.00 171 160 151
5.12 -91.54 521.00 160 132 115
5.88 -90.14 513.00 137 109 92
6.71 -89.96 512.00 150 111 80
7.56 -89.96 512.00 153 114 83
8.37 -89.61 510.00 156 107 66
9.17 -89.26 508.00 154 105 64
10.00 -89.26 508.00 156 101 55
10.80 -88.91 506.00 156 101 55
11.61 -88.73 505.00 158 100 48
12.44 -88.73 505.00 158 100 48
13.24 -88.56 504.00 163 103 45
14.04 -88.38 503.00 164 104 46
14.87 -88.38 503.00 166 104 42
15.67 -88.21 502.00 166 104 42
16.46 -88.03 501.00 166 103 37
17.28 -88.03 501.00 166 103 37
18.07 -87.85 500.00 167 105 36
18.89 -87.85 500.00 167 105 36
19.72 -87.85 500.00 169 104 34
20.54 -87.85 500.00 169 104 34
21.19 -87.15 496.00 169 104 34
22.01 -87.15 496.00 170 105 35
22.68 -86.62 493.00 170 105 35
23.45 -86.45 492.00 170 105 35
24.26 -86.45 492.00 170 105 37
25.07 -86.45 492.00 171 106 38
25.93 -86.62 493.00 168 106 40
26.74 -86.62 493.00 172 110 44
27.55 -86.62 493.00 172 110 48
28.42 -86.80 494.00 173 111 49
29.29 -86.98 495.00 171 111 51
30.10 -86.98 495.00 171 111 51
30.92 -86.98 495.00 170 113 63
38.76 -92.07 524.00 175 145 127
39.63 -92.07 524.00 191 176 164
40.49 -92.07 524.00 200 185 173
2.52 -89.64 515.00 168 154 146
3.35 -89.29 513.00 152 122 106
4.18 -88.94 511.00 141 111 95
5.02 -88.94 511.00 148 106 76
5.85 -88.77 510.00 150 108 78
6.69 -88.77 510.00 157 109 63
7.48 -88.25 507.00 155 107 61
8.28 -87.90 505.00 158 105 51
9.11 -87.90 505.00 156 103 49
9.91 -87.55 503.00 159 99 41
10.71 -87.38 502.00 159 99 41
11.54 -87.38 502.00 162 100 38
12.31 -87.03 500.00 162 100 38
13.11 -86.86 499.00 166 103 37
13.93 -86.86 499.00 166 103 37
14.69 -86.51 497.00 166 105 31
15.48 -86.33 496.00 166 105 31
16.26 -86.16 495.00 169 105 32
17.08 -86.16 495.00 169 105 32
17.85 -85.99 494.00 170 106 31
18.63 -85.81 493.00 169 105 30
19.44 -85.81 493.00 171 105 29
20.25 -85.81 493.00 171 105 29
21.02 -85.64 492.00 170 104 28
21.83 -85.64 492.00 171 105 29
22.64 -85.64 492.00 171 105 29
23.30 -85.11 489.00 171 105 29
24.11 -85.11 489.00 171 105 31
24.91 -85.11 489.00 171 105 31
25.82 -85.46 491.00 171 107 34
26.68 -85.64 492.00 172 108 35
27.49 -85.64 492.00 172 107 37
28.36 -85.81 493.00 173 108 38
29.17 -85.81 493.00 171 109 40
30.04 -85.99 494.00 171 109 40
30.86 -85.99 494.00 170 108 46
31.73 -86.16 495.00 173 111 49
32.68 -86.51 497.00 172 111 58
33.50 -86.51 497.00 171 110 57
38.76 -91.21 524.00 175 133 101
38.94 -89.64 515.00 164 130 110
39.79 -89.64 515.00 180 146 126
41.11 -90.68 521.00 192 177 167
0.82 -88.96 516.00 167 160 152
1.67 -88.79 515.00 150 116 104
2.52 -88.79 515.00 139 105 93
3.35 -88.45 513.00 143 101 71
4.18 -88.10 511.00 149 107 77
5.02 -88.10 511.00 153 105 59
5.85 -87.93 510.00 151 103 57
6.69 -87.93 510.00 158 102 47
7.48 -87.41 507.00 158 102 47
8.28 -87.07 505.00 161 101 41
9.11 -87.07 505.00 160 100 40
9.91 -86.72 503.00 162 99 35
10.71 -86.55 502.00 162 99 35
11.54 -86.55 502.00 165 100 32
12.22 -85.52 496.00 165 100 32
13.00 -85.34 495.00 167 101 29
13.82 -85.34 495.00 169 103 31
14.60 -85.17 494.00 169 103 27
15.35 -84.83 492.00 169 103 27
16.16 -84.83 492.00 170 105 26
16.94 -84.65 491.00 171 106 27
17.71 -84.48 490.00 171 106 27
18.52 -84.48 490.00 171 106 27
19.32 -84.48 490.00 173 105 25
20.09 -84.31 489.00 174 106 26
20.89 -84.31 489.00 174 106 26
21.65 -84.14 488.00 174 106 26
22.45 -84.14 488.00 175 104 25
23.21 -83.96 487.00 175 104 25
24.01 -83.96 487.00 173 105 27
24.81 -83.96 487.00 172 104 26
25.61 -83.96 487.00 171 105 29
26.41 -83.96 487.00 172 106 30
27.21 -83.96 487.00 172 106 32
28.07 -84.14 488.00 172 106 32
28.93 -84.31 489.00 172 106 32
29.74 -84.31 489.00 172 106 32
30.54 -84.31 489.00 171 106 36
31.48 -84.65 491.00 172 107 37
32.35 -84.83 492.00 171 108 42
33.16 -84.83 492.00 174 111 45
34.11 -85.17 494.00 173 115 63
35.06 -85.52 496.00 179 121 69
35.88 -85.52 496.00 177 126 83
38.94 -88.79 515.00 176 131 97
39.79 -88.79 515.00 174 129 95
41.11 -89.83 521.00 171 136 119
42.37 -90.69 526.00 186 151 134
43.07 -90.34 524.00 199 185 179
-0.02 -87.94 515.00 168 147 132
0.82 -87.60 513.00 129 108 93
1.66 -87.60 513.00 151 105 78
2.50 -87.43 512.00 151 105 78
3.33 -87.09 510.00 152 101 58
4.17 -87.09 510.00 152 101 58
4.99 -86.75 508.00 157 101 46
5.80 -86.40 506.00 156 100 45
6.64 -86.40 506.00 162 100 38
7.44 -86.06 504.00 162 100 38
8.23 -85.72 502.00 163 101 32
9.06 -85.72 502.00 163 101 32
9.85 -85.38 500.00 165 99 27
10.63 -85.04 498.00 166 100 28
11.45 -85.04 498.00 168 99 26
12.22 -84.70 496.00 169 100 27
13.00 -84.53 495.00 168 99 24
13.82 -84.53 495.00 169 100 25
14.60 -84.36 494.00 171 103 23
15.35 -84.01 492.00 171 103 23
16.16 -84.01 492.00 173 105 23
16.94 -83.84 491.00 173 105 23
17.71 -83.67 490.00 174 106 24
18.52 -83.67 490.00 173 105 23
19.32 -83.67 490.00 174 106 24
20.09 -83.50 489.00 179 111 29
20.89 -83.50 489.00 178 107 26
21.65 -83.33 488.00 177 106 25
22.45 -83.33 488.00 177 107 23
23.21 -83.16 487.00 176 106 22
24.01 -83.16 487.00 176 105 24
24.81 -83.16 487.00 176 105 24
25.61 -83.16 487.00 174 103 24
26.41 -83.16 487.00 175 104 25
27.21 -83.16 487.00 173 105 27
28.07 -83.33 488.00 174 106 28
28.93 -83.50 489.00 173 105 27
29.74 -83.50 489.00 174 106 28
30.54 -83.50 489.00 174 105 30
31.48 -83.84 491.00 174 105 30
32.35 -84.01 492.00 173 107 33
33.16 -84.01 492.00 174 108 34
34.11 -84.36 494.00 174 112 46
35.06 -84.70 496.00 179 117 51
35.88 -84.70 496.00 176 120 65
43.07 -89.48 524.00 174 143 132
43.93 -89.48 524.00 203 172 161
-0.87 -86.92 514.00 152 142 130
-0.02 -86.75 513.00 139 101 76
0.82 -86.42 511.00 142 104 79
1.66 -86.42 511.00 157 103 63
2.49 -86.08 509.00 155 101 61
3.31 -85.74 507.00 155 99 44
4.15 -85.74 507.00 155 99 44
4.96 -85.40 505.00 161 99 37
5.76 -84.89 502.00 161 99 37
6.58 -84.89 502.00 164 99 31
7.38 -84.56 500.00 164 99 31
8.17 -84.22 498.00 166 100 26
8.99 -84.22 498.00 166 100 26
9.77 -83.88 496.00 169 98 21
10.56 -83.71 495.00 171 100 23
11.38 -83.71 495.00 171 100 21
12.17 -83.54 494.00 171 100 21
12.93 -83.20 492.00 171 100 21
13.74 -83.20 492.00 174 103 24
14.52 -83.03 491.00 173 102 21
15.32 -83.03 491.00 174 103 22
16.13 -83.03 491.00 176 106 20
16.90 -82.86 490.00 177 107 21
17.71 -82.86 490.00 177 107 21
18.52 -82.86 490.00 175 105 19
19.28 -82.70 489.00 177 107 23
20.09 -82.70 489.00 180 110 26
20.89 -82.70 489.00 178 108 24
21.65 -82.53 488.00 178 108 24
22.41 -82.36 487.00 178 107 21
23.21 -82.36 487.00 178 107 21
24.01 -82.36 487.00 177 106 20
24.81 -82.36 487.00 177 106 20
25.61 -82.36 487.00 175 104 20
26.41 -82.36 487.00 176 105 21
27.21 -82.36 487.00 176 104 23
28.02 -82.36 487.00 176 104 23
28.82 -82.36 487.00 175 104 23
29.62 -82.36 487.00 176 105 24
30.42 -82.36 487.00 176 105 26
31.35 -82.70 489.00 175 104 25
32.15 -82.70 489.00 176 105 28
32.96 -82.70 489.00 176 105 28
33.90 -83.03 491.00 176 110 34
34.78 -83.20 492.00 179 113 37
35.59 -83.20 492.00 176 114 52
43.07 -88.61 524.00 174 129 106
43.85 -88.45 523.00 180 135 112
44.71 -88.45 523.00 196 176 168
-2.57 -86.41 516.00 170 166 157
-1.71 -86.08 514.00 152 124 107
-0.87 -86.08 514.00 130 102 85
-0.02 -85.91 513.00 148 100 63
0.82 -85.57 511.00 148 100 63
1.66 -85.57 511.00 156 99 49
2.47 -84.74 506.00 156 99 49
3.29 -84.40 504.00 159 97 35
4.12 -84.40 504.00 159 97 35
4.93 -84.07 502.00 163 97 32
5.73 -83.73 500.00 163 97 32
6.56 -83.73 500.00 165 99 25
7.35 -83.40 498.00 165 99 25
8.14 -83.06 496.00 170 99 20
8.95 -83.06 496.00 170 99 20
9.75 -82.89 495.00 171 99 18
10.54 -82.73 494.00 174 102 21
11.35 -82.73 494.00 172 100 19
12.12 -82.39 492.00 172 100 19
12.90 -82.22 491.00 174 103 19
13.71 -82.22 491.00 177 106 22
14.52 -82.22 491.00 175 104 18
15.29 -82.06 490.00 175 104 18
16.10 -82.06 490.00 178 108 19
16.87 -81.89 489.00 179 109 20
17.67 -81.89 489.00 178 108 19
18.48 -81.89 489.00 177 107 18
19.24 -81.72 488.00 178 107 21
20.05 -81.72 488.00 179 108 22
20.85 -81.72 488.00 179 108 22
21.61 -81.55 487.00 178 107 21
22.41 -81.55 487.00 177 106 20
23.21 -81.55 487.00 178 107 21
24.01 -81.55 487.00 177 106 20
24.81 -81.55 487.00 177 106 20
25.61 -81.55 487.00 176 105 19
26.41 -81.55 487.00 176 105 19
27.16 -81.39 486.00 176 105 19
27.96 -81.39 486.00 176 105 19
28.82 -81.55 487.00 175 104 20
29.56 -81.39 486.00 176 105 21
30.36 -81.39 486.00 176 105 21
31.22 -81.55 487.00 176 105 21
32.02 -81.55 487.00 176 104 23
32.82 -81.55 487.00 176 104 23
33.76 -81.89 489.00 177 106 27
34.64 -82.06 490.00 181 110 31
35.44 -82.06 490.00 177 113 38
36.32 -82.22 491.00 179 115 40
37.28 -82.56 493.00 180 117 60
38.09 -82.56 493.00 180 117 60
39.14 -83.06 496.00 179 120 71
43.35 -86.58 517.00 183 130 95
44.20 -86.58 517.00 163 128 113
45.05 -86.58 517.00 201 166 151
46.43 -87.58 523.00 193 184 177
-3.41 -85.39 515.00 173 158 146
-2.56 -85.06 513.00 131 116 104
-1.71 -84.90 512.00 141 99 71
-0.87 -84.90 512.00 144 102 74
-0.02 -84.56 510.00 151 98 51
0.81 -84.23 508.00 151 98 51
1.65 -84.23 508.00 158 98 40
2.47 -83.90 506.00 158 98 40
3.29 -83.57 504.00 159 96 30
4.12 -83.57 504.00 160 97 31
4.93 -83.24 502.00 164 97 28
5.73 -82.91 500.00 164 97 28
6.56 -82.91 500.00 168 100 22
7.35 -82.58 498.00 167 99 21
8.14 -82.24 496.00 172 101 17
8.95 -82.24 496.00 171 100 16
9.75 -82.08 495.00 176 102 19
10.54 -81.91 494.00 176 102 19
11.35 -81.91 494.00 176 102 19
12.12 -81.58 492.00 174 100 17
12.90 -81.41 491.00 176 102 17
13.71 -81.41 491.00 180 106 21
14.52 -81.41 491.00 178 104 19
15.29 -81.25 490.00 178 104 19
16.10 -81.25 490.00 180 107 19
16.87 -81.08 489.00 181 108 20
17.67 -81.08 489.00 183 110 22
18.48 -81.08 489.00 180 107 19
19.24 -80.92 488.00 179 109 20
20.05 -80.92 488.00 183 113 24
20.85 -80.92 488.00 183 113 24
21.61 -80.75 487.00 179 109 20
22.41 -80.75 487.00 179 109 20
23.21 -80.75 487.00 178 108 19
24.01 -80.75 487.00 177 107 18
24.81 -80.75 487.00 176 106 17
25.61 -80.75 487.00 177 106 20
26.41 -80.75 487.00 177 106 20
27.16 -80.59 486.00 177 106 20
27.96 -80.59 486.00 175 104 18
28.82 -80.75 487.00 175 104 18
29.56 -80.59 486.00 176 105 19
30.36 -80.59 486.00 176 105 19
31.22 -80.75 487.00 175 104 18
32.02 -80.75 487.00 176 105 19
32.82 -80.75 487.00 176 105 19
33.76 -81.08 489.00 177 106 22
34.64 -81.25 490.00 178 107 23
35.37 -81.08 489.00 178 110 30
36.17 -81.08 489.00 180 112 32
37.13 -81.41 491.00 179 114 44
37.94 -81.41 491.00 180 115 45
38.90 -81.75 493.00 180 117 60
39.96 -82.24 496.00 183 120 63
43.35 -85.73 517.00 182 128 79
44.20 -85.73 517.00 175 131 103
44.96 -85.56 516.00 168 124 96
45.81 -85.56 516.00 182 160 150
47.29 -86.72 523.00 204 182 172
-4.24 -84.22 513.00 162 158 149
-3.40 -84.22 513.00 139 109 91
-2.55 -83.89 511.00 126 96 78
-1.70 -83.56 509.00 149 100 61
-0.86 -83.56 509.00 147 98 59
-0.02 -83.23 507.00 154 93 38
0.81 -82.90 505.00 156 95 40
1.64 -82.90 505.00 160 98 29
2.46 -82.57 503.00 160 98 29
3.27 -82.25 501.00 162 96 24
4.10 -82.25 501.00 162 96 24
4.90 -81.92 499.00 166 97 22
5.70 -81.59 497.00 166 97 22
6.52 -81.59 497.00 170 99 20
7.32 -81.43 496.00 169 98 19
8.10 -81.10 494.00 174 100 15
8.92 -81.10 494.00 176 102 17
9.71 -80.93 493.00 179 105 20
10.48 -80.60 491.00 177 103 18
11.28 -80.60 491.00 177 101 17
12.09 -80.60 491.00 177 101 17
12.87 -80.44 490.00 177 101 17
13.68 -80.44 490.00 181 105 21
14.46 -80.28 489.00 180 106 21
15.26 -80.28 489.00 181 107 22
16.06 -80.28 489.00 181 108 20
16.83 -80.11 488.00 181 108 20
17.64 -80.11 488.00 183 110 22
18.44 -80.11 488.00 181 108 20
19.20 -79.95 487.00 179 109 20
20.00 -79.95 487.00 183 113 24
20.81 -79.95 487.00 183 113 24
21.56 -79.78 486.00 181 111 22
22.36 -79.78 486.00 184 111 23
23.16 -79.78 486.00 181 108 20
23.96 -79.78 486.00 179 106 18
24.76 -79.78 486.00 179 106 18
25.56 -79.78 486.00 179 106 18
26.36 -79.78 486.00 180 107 19
27.16 -79.78 486.00 181 108 20
27.96 -79.78 486.00 180 107 19
28.76 -79.78 486.00 178 105 17
29.56 -79.78 486.00 177 104 16
30.36 -79.78 486.00 178 105 17
31.22 -79.95 487.00 177 104 16
32.02 -79.95 487.00 178 105 17
32.82 -79.95 487.00 178 105 17
33.69 -80.11 488.00 178 104 19
34.57 -80.28 489.00 179 105 20
35.37 -80.28 489.00 179 108 22
36.17 -80.28 489.00 181 110 24
37.13 -80.60 491.00 179 111 31
37.94 -80.60 491.00 180 112 32
38.90 -80.93 493.00 179 114 44
39.96 -81.43 496.00 182 117 47
44.96 -84.71 516.00 182 128 88
45.81 -84.71 516.00 165 131 111
47.29 -85.86 523.00 195 161 141
48.15 -85.86 523.00 190 181 172
-5.08 -83.21 512.00 179 161 150
-4.23 -83.05 511.00 132 114 103
-3.39 -83.05 511.00 138 99 70
-2.54 -82.72 509.00 139 100 71
-1.70 -82.72 509.00 150 97 50
-0.86 -82.23 506.00 148 95 48
-0.02 -82.07 505.00 157 94 30
0.81 -82.07 505.00 157 94 30
1.63 -81.75 503.00 162 96 22
2.45 -81.42 501.00 162 96 22
3.27 -81.42 501.00 164 92 18
4.08 -81.10 499.00 166 94 20
4.87 -80.61 496.00 168 96 17
5.69 -80.61 496.00 169 97 18
6.49 -80.45 495.00 171 100 16
7.28 -80.12 493.00 171 100 16
8.09 -80.12 493.00 174 101 13
8.88 -79.96 492.00 177 104 16
9.67 -79.80 491.00 180 107 19
10.48 -79.80 491.00 177 104 16
11.26 -79.63 490.00 178 103 16
12.04 -79.47 489.00 177 102 15
12.85 -79.47 489.00 180 102 16
13.65 -79.47 489.00 183 105 19
14.43 -79.31 488.00 183 110 22
15.20 -79.15 487.00 183 110 22
16.00 -79.15 487.00 181 108 20
16.80 -79.15 487.00 181 108 20
17.60 -79.15 487.00 183 110 22
18.40 -79.15 487.00 183 110 22
19.16 -78.98 486.00 181 108 20
19.96 -78.98 486.00 185 112 24
20.76 -78.98 486.00 185 112 24
21.56 -78.98 486.00 183 110 22
22.32 -78.82 485.00 185 112 24
23.11 -78.82 485.00 181 108 20
23.91 -78.82 485.00 180 107 19
24.71 -78.82 485.00 179 106 18
25.51 -78.82 485.00 179 106 16
26.30 -78.82 485.00 180 107 17
27.10 -78.82 485.00 181 108 18
27.90 -78.82 485.00 181 108 18
28.76 -78.98 486.00 180 107 17
29.56 -78.98 486.00 178 105 15
30.36 -78.98 486.00 178 105 15
31.16 -78.98 486.00 177 104 14
31.95 -78.98 486.00 178 105 15
32.82 -79.15 487.00 179 106 16
33.62 -79.15 487.00 178 105 15
34.49 -79.31 488.00 178 105 15
35.30 -79.31 488.00 179 106 18
36.10 -79.31 488.00 180 107 19
36.98 -79.47 489.00 179 108 24
37.78 -79.47 489.00 181 110 26
38.74 -79.80 491.00 180 111 36
39.71 -80.12 493.00 181 112 37
40.69 -80.45 495.00 179 114 46
41.50 -80.45 495.00 183 118 50
44.96 -83.86 516.00 185 124 71
45.81 -83.86 516.00 177 133 101
47.29 -85.00 523.00 175 131 99
48.15 -85.00 523.00 181 160 145
49.01 -85.00 523.00 204 183 168
-5.94 -82.69 514.00 169 167 159
-5.08 -82.36 512.00 146 118 99
-4.23 -82.20 511.00 136 108 89
-3.39 -82.20 511.00 145 100 62
-2.54 -81.88 509.00 141 96 58
-1.70 -81.88 509.00 150 94 39
-0.86 -81.40 506.00 150 94 39
-0.02 -81.24 505.00 158 93 25
0.81 -81.24 505.00 158 93 25
1.63 -80.92 503.00 162 93 18
2.45 -80.59 501.00 164 95 20
3.27 -80.59 501.00 165 93 14
4.08 -80.27 499.00 167 95 16
4.87 -79.79 496.00 170 95 15
5.69 -79.79 496.00 171 96 16
6.49 -79.63 495.00 173 99 14
7.28 -79.31 493.00 174 100 15
8.09 -79.31 493.00 174 101 13
8.88 -79.15 492.00 177 104 16
9.67 -78.99 491.00 181 106 19
10.48 -78.99 491.00 179 104 17
11.26 -78.82 490.00 182 104 18
12.04 -78.66 489.00 181 103 17
12.85 -78.66 489.00 180 102 16
13.65 -78.66 489.00 183 105 19
14.43 -78.50 488.00 181 108 20
15.20 -78.34 487.00 183 110 22
16.00 -78.34 487.00 184 111 23
16.80 -78.34 487.00 181 108 20
17.60 -78.34 487.00 184 111 23
18.40 -78.34 487.00 183 110 22
19.16 -78.18 486.00 183 110 22
19.96 -78.18 486.00 186 113 25
20.76 -78.18 486.00 186 113 25
21.56 -78.18 486.00 184 111 23
22.32 -78.02 485.00 184 111 23
23.11 -78.02 485.00 181 108 20
23.91 -78.02 485.00 181 108 18
24.71 -78.02 485.00 183 110 20
25.51 -78.02 485.00 181 108 16
26.30 -78.02 485.00 180 107 15
27.10 -78.02 485.00 181 108 16
27.90 -78.02 485.00 181 108 16
28.70 -78.02 485.00 183 110 18
29.50 -78.02 485.00 180 107 15
30.29 -78.02 485.00 178 105 13
31.16 -78.18 486.00 178 105 13
31.95 -78.18 486.00 178 105 13
32.75 -78.18 486.00 179 106 14
33.62 -78.34 487.00 178 105 13
34.42 -78.34 487.00 178 105 13
35.30 -78.50 488.00 179 106 16
36.10 -78.50 488.00 179 106 16
36.98 -78.66 489.00 179 105 20
37.78 -78.66 489.00 180 106 21
38.67 -78.82 490.00 178 107 26
39.63 -79.15 492.00 181 110 29
40.44 -79.15 492.00 180 111 38
41.34 -79.31 493.00 181 112 39
42.32 -79.63 495.00 178 115 51
43.48 -80.27 499.00 183 120 56
44.30 -80.27 499.00 179 128 85
48.15 -84.13 523.00 171 135 114
49.01 -84.13 523.00 190 154 133
49.87 -84.13 523.00 190 182 170
-5.92 -81.52 512.00 139 126 115
-5.06 -81.20 510.00 148 110 85
-4.22 -81.20 510.00 144 106 81
-3.37 -81.04 509.00 145 94 49
-2.52 -80.56 506.00 144 93 48
-1.69 -80.56 506.00 154 92 30
-0.85 -80.40 505.00 154 92 30
-0.02 -80.09 503.00 161 92 21
0.80 -80.09 503.00 161 92 21
1.62 -79.61 500.00 165 93 14
2.43 -79.29 498.00 167 95 16
3.25 -79.29 498.00 165 93 12
4.06 -78.97 496.00 167 95 14
4.85 -78.65 494.00 170 96 13
5.67 -78.65 494.00 171 97 14
6.45 -78.33 492.00 175 100 13
7.25 -78.18 491.00 175 100 13
8.05 -78.18 491.00 175 100 13
8.84 -78.02 490.00 178 103 16
9.63 -77.86 489.00 180 105 18
10.43 -77.86 489.00 180 105 18
11.22 -77.70 488.00 181 106 19
11.99 -77.54 487.00 180 105 18
12.79 -77.54 487.00 180 102 16
13.60 -77.54 487.00 182 104 18
14.37 -77.38 486.00 181 108 20
15.17 -77.38 486.00 183 110 22
15.97 -77.38 486.00 185 112 24
16.77 -77.38 486.00 183 110 22
17.57 -77.38 486.00 184 111 23
18.36 -77.38 486.00 181 108 20
19.12 -77.22 485.00 183 110 22
19.92 -77.22 485.00 190 117 29
20.72 -77.22 485.00 186 113 25
21.52 -77.22 485.00 185 112 24
22.32 -77.22 485.00 184 111 21
23.11 -77.22 485.00 184 111 21
23.91 -77.22 485.00 185 112 22
24.71 -77.22 485.00 187 114 24
25.51 -77.22 485.00 186 113 21
26.30 -77.22 485.00 184 111 19
27.10 -77.22 485.00 181 108 16
27.90 -77.22 485.00 181 108 16
28.70 -77.22 485.00 184 109 18
29.50 -77.22 485.00 182 107 16
30.29 -77.22 485.00 179 104 13
31.16 -77.38 486.00 179 104 13
31.95 -77.38 486.00 179 104 13
32.75 -77.38 486.00 180 105 14
33.62 -77.54 487.00 179 104 13
34.42 -77.54 487.00 178 103 12
35.30 -77.70 488.00 178 105 15
36.10 -77.70 488.00 179 106 16
36.98 -77.86 489.00 178 105 17
37.78 -77.86 489.00 179 106 18
38.67 -78.02 490.00 179 105 20
39.63 -78.33 492.00 180 106 21
40.44 -78.33 492.00 180 109 30
41.34 -78.49 493.00 181 110 31
42.32 -78.81 495.00 178 111 42
43.48 -79.45 499.00 181 114 45
44.30 -79.45 499.00 178 122 69
49.01 -83.27 523.00 175 129 98
49.87 -83.27 523.00 181 157 143
-6.77 -80.83 513.00 151 125 112
-5.91 -80.52 511.00 136 110 97
-5.05 -80.20 509.00 153 107 76
-4.21 -80.20 509.00 143 97 66
-3.36 -79.89 507.00 149 91 37
-2.52 -79.57 505.00 148 90 36
-1.68 -79.57 505.00 157 90 23
-0.85 -79.26 503.00 157 90 23
-0.02 -78.78 500.00 162 89 17
0.80 -78.78 500.00 163 90 18
1.62 -78.47 498.00 167 92 12
2.42 -78.15 496.00 167 92 12
3.24 -78.15 496.00 167 93 10
4.04 -77.84 494.00 169 95 12
4.83 -77.52 492.00 168 93 6
5.64 -77.52 492.00 172 97 10
6.44 -77.37 491.00 174 99 12
7.22 -77.05 489.00 175 100 13
8.02 -77.05 489.00 175 100 13
8.81 -76.89 488.00 178 103 16
9.59 -76.74 487.00 182 107 20
10.39 -76.74 487.00 181 106 19
11.19 -76.74 487.00 181 106 19
11.97 -76.58 486.00 180 105 18
12.77 -76.58 486.00 179 104 17
13.57 -76.58 486.00 182 107 20
14.37 -76.58 486.00 182 107 20
15.17 -76.58 486.00 184 109 22
15.93 -76.42 485.00 185 112 24
16.73 -76.42 485.00 183 110 22
17.53 -76.42 485.00 184 111 23
18.33 -76.42 485.00 181 108 20
19.12 -76.42 485.00 183 110 22
19.88 -76.26 484.00 188 115 27
20.68 -76.26 484.00 185 112 24
21.47 -76.26 484.00 185 112 24
22.27 -76.26 484.00 185 112 22
23.07 -76.26 484.00 190 117 27
23.86 -76.26 484.00 188 115 25
24.66 -76.26 484.00 192 119 29
25.45 -76.26 484.00 191 121 30
26.25 -76.26 484.00 192 122 31
27.05 -76.26 484.00 183 110 18
27.84 -76.26 484.00 181 108 16
28.70 -76.42 485.00 184 109 18
29.50 -76.42 485.00 181 106 15
30.29 -76.42 485.00 181 104 11
31.16 -76.58 486.00 181 104 11
31.95 -76.58 486.00 181 104 11
32.75 -76.58 486.00 181 104 11
33.62 -76.74 487.00 181 104 11
34.42 -76.74 487.00 180 103 10
35.30 -76.89 488.00 179 104 15
36.10 -76.89 488.00 180 105 16
36.98 -77.05 489.00 178 105 15
37.78 -77.05 489.00 178 105 15
38.67 -77.21 490.00 178 105 17
39.55 -77.37 491.00 179 106 18
40.36 -77.37 491.00 178 107 23
41.25 -77.52 492.00 181 110 26
42.23 -77.84 494.00 178 109 34
43.22 -78.15 496.00 180 111 36
44.03 -78.15 496.00 178 115 53
45.12 -78.63 499.00 181 118 56
48.45 -81.46 517.00 181 129 89
49.30 -81.46 517.00 168 132 111
50.15 -81.46 517.00 188 152 131
-7.62 -79.99 513.00 159 150 143
-6.77 -79.99 513.00 144 109 92
-5.91 -79.67 511.00 146 111 94
-5.05 -79.36 509.00 143 91 53
-4.21 -79.36 509.00 144 92 54
-3.36 -79.05 507.00 152 89 30
-2.52 -78.74 505.00 152 89 30
-1.68 -78.74 505.00 158 89 18
-0.85 -78.43 503.00 159 90 19
-0.02 -77.96 500.00 163 88 12
0.80 -77.96 500.00 165 90 14
1.62 -77.65 498.00 167 91 9
2.42 -77.34 496.00 168 92 10
3.24 -77.34 496.00 170 95 8
4.04 -77.02 494.00 170 95 8
4.83 -76.71 492.00 172 94 8
5.64 -76.71 492.00 174 96 10
6.44 -76.56 491.00 176 98 12
7.22 -76.24 489.00 176 98 12
8.02 -76.24 489.00 177 99 13
8.81 -76.09 488.00 180 102 16
9.59 -75.93 487.00 182 107 20
10.39 -75.93 487.00 181 106 19
11.19 -75.93 487.00 181 106 19
11.97 -75.78 486.00 181 106 19
12.77 -75.78 486.00 181 106 19
13.57 -75.78 486.00 187 112 25
14.37 -75.78 486.00 181 107 22
15.17 -75.78 486.00 183 109 24
15.93 -75.62 485.00 186 113 25
16.73 -75.62 485.00 184 111 23
17.49 -75.46 484.00 181 108 18
18.29 -75.46 484.00 183 110 20
19.09 -75.46 484.00 184 111 21
19.88 -75.46 484.00 187 114 24
20.68 -75.46 484.00 185 112 22
21.47 -75.46 484.00 185 112 22
22.22 -75.31 483.00 187 114 24
23.02 -75.31 483.00 191 118 28
23.81 -75.31 483.00 188 118 27
24.61 -75.31 483.00 190 120 29
25.40 -75.31 483.00 191 121 30
26.20 -75.31 483.00 197 127 36
26.99 -75.31 483.00 189 119 26
27.84 -75.46 484.00 181 111 18
28.64 -75.46 484.00 184 107 14
29.43 -75.46 484.00 183 106 13
30.29 -75.62 485.00 184 104 12
31.09 -75.62 485.00 183 103 11
31.89 -75.62 485.00 181 104 11
32.75 -75.78 486.00 181 104 11
33.62 -75.93 487.00 180 103 10
34.42 -75.93 487.00 180 103 10
35.22 -75.93 487.00 179 104 13
36.10 -76.09 488.00 179 104 13
36.98 -76.24 489.00 179 104 15
37.78 -76.24 489.00 179 104 15
38.67 -76.40 490.00 178 103 16
39.47 -76.40 490.00 178 103 16
40.28 -76.40 490.00 179 105 20
41.17 -76.56 491.00 180 106 21
42.06 -76.71 492.00 178 106 25
43.04 -77.02 494.00 179 107 26
43.86 -77.02 494.00 178 111 42
44.76 -77.18 495.00 183 116 47
45.94 -77.80 499.00 179 122 72
46.76 -77.80 499.00 185 128 78
49.30 -80.61 517.00 176 130 101
50.15 -80.61 517.00 173 127 98
51.59 -81.55 523.00 181 157 145
-8.46 -79.14 513.00 174 156 145
-7.59 -78.83 511.00 142 124 113
-6.75 -78.83 511.00 148 107 86
-5.88 -78.52 509.00 142 101 80
-5.03 -78.22 507.00 149 92 44
-4.19 -78.22 507.00 147 90 42
-3.35 -77.91 505.00 155 89 26
-2.51 -77.60 503.00 154 88 25
-1.68 -77.60 503.00 159 87 15
-0.85 -77.14 500.00 160 88 16
-0.02 -76.83 498.00 163 88 10
0.80 -76.83 498.00 165 90 12
1.61 -76.52 496.00 167 91 7
2.41 -76.06 493.00 168 92 8
3.22 -76.06 493.00 173 95 7
4.02 -75.75 491.00 173 95 7
4.81 -75.59 490.00 173 95 7
5.62 -75.59 490.00 175 97 9
6.41 -75.44 489.00 176 98 10
7.20 -75.28 488.00 176 98 10
8.00 -75.28 488.00 177 99 11
8.79 -75.13 487.00 181 103 15
9.57 -74.98 486.00 182 107 20
10.37 -74.98 486.00 180 105 18
11.17 -74.98 486.00 182 107 20
11.97 -74.98 486.00 185 110 23
12.77 -74.98 486.00 182 106 22
13.54 -74.82 485.00 189 113 29
14.34 -74.82 485.00 183 109 24
15.14 -74.82 485.00 183 109 24
15.93 -74.82 485.00 185 112 24
16.73 -74.82 485.00 183 110 22
17.49 -74.67 484.00 181 108 18
18.29 -74.67 484.00 185 112 22
19.09 -74.67 484.00 186 113 23
19.88 -74.67 484.00 187 114 24
20.68 -74.67 484.00 184 111 21
21.47 -74.67 484.00 184 111 21
22.22 -74.51 483.00 187 114 22
23.02 -74.51 483.00 190 117 25
23.81 -74.51 483.00 188 118 27
24.61 -74.51 483.00 189 119 28
25.40 -74.51 483.00 185 115 24
26.20 -74.51 483.00 193 123 32
26.99 -74.51 483.00 190 117 25
27.84 -74.67 484.00 184 111 19
28.64 -74.67 484.00 184 107 12
29.43 -74.67 484.00 183 106 11
30.29 -74.82 485.00 184 104 10
31.09 -74.82 485.00 183 103 9
31.89 -74.82 485.00 181 104 9
32.75 -74.98 486.00 180 103 8
33.62 -75.13 487.00 180 103 10
34.42 -75.13 487.00 179 102 9
35.22 -75.13 487.00 180 102 12
36.10 -75.28 488.00 181 103 13
36.98 -75.44 489.00 179 104 13
37.78 -75.44 489.00 178 103 12
38.67 -75.59 490.00 178 103 14
39.47 -75.59 490.00 177 102 13
40.28 -75.59 490.00 179 104 15
41.17 -75.75 491.00 180 105 16
42.06 -75.90 492.00 179 105 20
43.04 -76.21 494.00 179 105 20
43.86 -76.21 494.00 178 107 30
44.76 -76.36 495.00 182 111 34
45.94 -76.98 499.00 179 116 57
46.76 -76.98 499.00 186 123 64
51.79 -80.99 525.00 164 130 110
52.65 -80.99 525.00 196 162 142
-8.43 -77.99 511.00 159 133 118
-7.56 -77.68 509.00 144 118 103
-6.72 -77.68 509.00 153 105 72
-5.86 -77.38 507.00 142 94 61
-5.01 -77.07 505.00 152 88 34
-4.18 -77.07 505.00 151 87 33
-3.33 -76.77 503.00 155 88 19
-2.49 -76.31 500.00 155 88 19
-1.67 -76.31 500.00 159 87 13
-0.84 -76.01 498.00 160 88 14
-0.02 -75.70 496.00 164 89 9
0.79 -75.70 496.00 165 90 10
1.60 -75.24 493.00 167 92 5
2.40 -74.94 491.00 170 95 8
3.21 -74.94 491.00 174 96 8
4.01 -74.78 490.00 174 96 8
4.80 -74.63 489.00 173 95 5
5.61 -74.63 489.00 175 97 7
6.39 -74.33 487.00 176 98 8
7.19 -74.33 487.00 176 98 8
7.99 -74.33 487.00 177 99 11
8.77 -74.17 486.00 181 103 15
9.57 -74.17 486.00 183 105 17
10.37 -74.17 486.00 182 104 16
11.15 -74.02 485.00 184 109 22
11.94 -74.02 485.00 187 112 25
12.74 -74.02 485.00 183 109 24
13.54 -74.02 485.00 190 116 31
14.34 -74.02 485.00 181 107 24
15.14 -74.02 485.00 183 109 26
15.90 -73.87 484.00 185 112 24
16.70 -73.87 484.00 183 110 22
17.49 -73.87 484.00 182 107 18
18.29 -73.87 484.00 185 110 21
19.05 -73.72 483.00 187 112 23
19.84 -73.72 483.00 188 113 24
20.63 -73.72 483.00 186 111 22
21.43 -73.72 483.00 184 109 20
22.22 -73.72 483.00 187 114 24
23.02 -73.72 483.00 190 117 27
23.81 -73.72 483.00 188 115 25
24.61 -73.72 483.00 190 117 27
25.40 -73.72 483.00 185 115 26
26.20 -73.72 483.00 189 119 30
26.99 -73.72 483.00 190 117 25
27.79 -73.72 483.00 186 113 21
28.58 -73.72 483.00 184 107 12
29.37 -73.72 483.00 182 105 10
30.23 -73.87 484.00 182 105 10
31.09 -74.02 485.00 181 104 9
31.89 -74.02 485.00 182 105 10
32.75 -74.17 486.00 181 104 9
33.55 -74.17 486.00 180 103 10
34.35 -74.17 486.00 179 102 9
35.22 -74.33 487.00 180 103 10
36.10 -74.48 488.00 180 103 10
36.98 -74.63 489.00 180 102 12
37.78 -74.63 489.00 180 102 12
38.59 -74.63 489.00 180 102 12
39.47 -74.78 490.00 179 101 11
40.28 -74.78 490.00 180 102 14
41.08 -74.78 490.00 181 103 15
41.98 -74.94 491.00 178 105 17
42.87 -75.09 492.00 179 106 18
43.68 -75.09 492.00 178 106 25
44.49 -75.09 492.00 181 109 28
45.57 -75.55 495.00 178 111 42
46.39 -75.55 495.00 181 114 45
53.06 -80.74 529.00 178 136 108
53.93 -80.74 529.00 192 174 163
-9.31 -77.45 513.00 152 141 134
-8.43 -77.15 511.00 154 118 97
-7.56 -76.84 509.00 136 100 79
-6.72 -76.84 509.00 144 91 48
-5.86 -76.54 507.00 145 92 49
-5.01 -76.24 505.00 152 88 29
-4.18 -76.24 505.00 150 86 27
-3.33 -75.94 503.00 157 88 17
-2.49 -75.49 500.00 157 88 17
-1.67 -75.49 500.00 158 86 9
-0.84 -75.18 498.00 161 89 12
-0.02 -74.88 496.00 165 88 9
0.79 -74.88 496.00 166 89 10
1.60 -74.43 493.00 170 92 6
2.40 -74.13 491.00 172 94 8
3.21 -74.13 491.00 175 94 7
4.01 -73.98 490.00 176 95 8
4.80 -73.83 489.00 176 95 6
5.61 -73.83 489.00 178 97 8
6.39 -73.52 487.00 178 97 8
7.16 -73.22 485.00 179 98 9
7.96 -73.22 485.00 181 100 11
8.75 -73.22 485.00 182 101 12
9.55 -73.22 485.00 183 105 19
10.35 -73.22 485.00 186 108 22
11.15 -73.22 485.00 186 110 26
11.92 -73.07 484.00 187 111 27
12.72 -73.07 484.00 183 109 26
13.51 -73.07 484.00 188 114 31
14.31 -73.07 484.00 181 107 24
15.10 -73.07 484.00 184 110 27
15.90 -73.07 484.00 188 114 31
16.66 -72.92 483.00 183 109 26
17.46 -72.92 483.00 182 107 18
18.25 -72.92 483.00 182 107 18
19.05 -72.92 483.00 186 111 22
19.80 -72.77 482.00 189 114 25
20.59 -72.77 482.00 186 111 22
21.38 -72.77 482.00 184 109 20
22.18 -72.77 482.00 186 111 22
22.97 -72.77 482.00 191 116 27
23.76 -72.77 482.00 188 115 25
24.56 -72.77 482.00 188 115 25
25.35 -72.77 482.00 187 114 26
26.14 -72.77 482.00 190 117 29
26.93 -72.77 482.00 188 115 23
27.73 -72.77 482.00 185 112 20
28.52 -72.77 482.00 184 107 12
29.37 -72.92 483.00 183 106 11
30.23 -73.07 484.00 182 105 10
31.03 -73.07 484.00 182 105 10
31.82 -73.07 484.00 182 105 10
32.69 -73.22 485.00 181 104 9
33.55 -73.37 486.00 180 103 8
34.35 -73.37 486.00 177 100 5
35.22 -73.52 487.00 179 102 9
36.03 -73.52 487.00 180 103 10
36.90 -73.67 488.00 180 103 10
37.71 -73.67 488.00 179 102 9
38.59 -73.83 489.00 179 101 11
39.39 -73.83 489.00 179 101 11
40.20 -73.83 489.00 179 101 13
41.08 -73.98 490.00 180 102 14
41.89 -73.98 490.00 178 103 16
42.70 -73.98 490.00 178 103 16
43.59 -74.13 491.00 179 105 22
44.49 -74.28 492.00 180 106 23
45.39 -74.43 493.00 180 108 34
46.20 -74.43 493.00 183 111 37
47.39 -75.03 497.00 178 117 62
52.65 -79.26 525.00 181 131 95
53.52 -79.26 525.00 177 146 133
-10.11 -76.30 511.00 167 149 138
-9.27 -76.30 511.00 149 131 120
-8.40 -76.01 509.00 154 110 82
-7.51 -75.56 506.00 137 93 65
-6.68 -75.56 506.00 144 90 39
-5.84 -75.41 505.00 144 90 39
-4.98 -74.96 502.00 152 86 21
-4.15 -74.96 502.00 152 86 21
-3.31 -74.66 500.00 158 85 13
-2.48 -74.36 498.00 158 85 13
-1.66 -74.36 498.00 160 85 7
-0.84 -73.91 495.00 163 88 10
-0.02 -73.91 495.00 165 89 7
0.79 -73.62 493.00 166 90 8
1.59 -73.32 491.00 170 92 6
2.40 -73.32 491.00 172 94 8
3.19 -73.02 489.00 175 94 5
3.98 -72.72 487.00 176 95 6
4.78 -72.72 487.00 177 97 5
5.57 -72.57 486.00 178 98 6
6.37 -72.57 486.00 179 99 7
7.16 -72.42 485.00 179 99 7
7.96 -72.42 485.00 182 101 12
8.75 -72.42 485.00 182 101 12
9.55 -72.42 485.00 184 106 20
10.35 -72.42 485.00 186 108 22
11.15 -72.42 485.00 186 110 28
11.92 -72.27 484.00 188 112 30
12.72 -72.27 484.00 183 108 28
13.51 -72.27 484.00 185 110 30
14.31 -72.27 484.00 180 105 25
15.10 -72.27 484.00 184 109 29
15.90 -72.27 484.00 191 115 31
16.66 -72.12 483.00 186 110 26
17.46 -72.12 483.00 184 109 20
18.25 -72.12 483.00 182 107 18
19.05 -72.12 483.00 186 111 22
19.80 -71.97 482.00 188 113 24
20.59 -71.97 482.00 186 111 22
21.38 -71.97 482.00 182 107 18
22.18 -71.97 482.00 185 110 19
22.97 -71.97 482.00 191 116 25
23.76 -71.97 482.00 188 115 23
24.56 -71.97 482.00 188 115 23
25.35 -71.97 482.00 188 115 25
26.14 -71.97 482.00 188 115 25
26.93 -71.97 482.00 187 114 22
27.73 -71.97 482.00 185 112 20
28.52 -71.97 482.00 187 110 15
29.37 -72.12 483.00 186 109 14
30.23 -72.27 484.00 184 107 12
31.03 -72.27 484.00 183 106 11
31.82 -72.27 484.00 182 105 10
32.69 -72.42 485.00 181 104 9
33.55 -72.57 486.00 180 103 8
34.35 -72.57 486.00 176 99 4
35.22 -72.72 487.00 179 102 9
36.03 -72.72 487.00 179 102 9
36.90 -72.87 488.00 179 102 9
37.71 -72.87 488.00 179 102 9
38.59 -73.02 489.00 179 101 11
39.39 -73.02 489.00 177 99 9
40.20 -73.02 489.00 177 99 11
41.00 -73.02 489.00 179 101 13
41.89 -73.17 490.00 178 103 16
42.70 -73.17 490.00 178 103 16
43.50 -73.17 490.00 178 104 19
44.40 -73.32 491.00 179 105 20
45.30 -73.47 492.00 179 107 28
46.11 -73.47 492.00 182 110 31
47.20 -73.91 495.00 178 115 53
48.31 -74.36 498.00 182 119 57
52.65 -78.39 525.00 183 128 84
53.21 -77.95 522.00 166 127 105
54.07 -77.95 522.00 196 157 135
-10.07 -75.17 509.00 158 133 115
-9.23 -75.17 509.00 141 116 98
-8.36 -74.87 507.00 141 92 53
-7.50 -74.58 505.00 139 90 51
-6.67 -74.58 505.00 145 87 31
-5.82 -74.28 503.00 145 87 31
-4.96 -73.84 500.00 152 87 19
-4.14 -73.84 500.00 151 86 18
-3.30 -73.54 498.00 158 85 11
-2.48 -73.54 498.00 158 85 11
-1.65 -73.10 495.00 162 87 9
-0.83 -72.66 492.00 163 88 10
-0.02 -72.66 492.00 167 88 7
0.78 -72.36 490.00 168 89 8
1.58 -72.06 488.00 174 93 8
2.39 -72.06 488.00 175 94 9
3.18 -71.92 487.00 176 95 6
3.97 -71.77 486.00 177 96 7
4.77 -71.77 486.00 184 104 12
5.56 -71.62 485.00 181 101 9
6.36 -71.62 485.00 181 101 9
7.16 -71.62 485.00 181 101 9
7.94 -71.47 484.00 182 101 12
8.74 -71.47 484.00 182 101 12
9.53 -71.47 484.00 184 106 20
10.33 -71.47 484.00 186 108 22
11.12 -71.47 484.00 187 110 31
11.92 -71.47 484.00 189 112 33
12.72 -71.47 484.00 184 109 29
13.51 -71.47 484.00 183 108 28
14.28 -71.33 483.00 180 104 22
15.07 -71.33 483.00 182 106 24
15.87 -71.33 483.00 188 113 26
16.66 -71.33 483.00 187 112 25
17.46 -71.33 483.00 185 110 21
18.21 -71.18 482.00 184 109 20
19.01 -71.18 482.00 185 110 19
19.80 -71.18 482.00 187 112 21
20.59 -71.18 482.00 187 109 19
21.34 -71.03 481.00 184 106 16
22.13 -71.03 481.00 186 109 16
22.92 -71.03 481.00 189 112 19
23.71 -71.03 481.00 187 113 19
24.51 -71.03 481.00 188 114 20
25.30 -71.03 481.00 189 114 23
26.09 -71.03 481.00 186 111 20
26.93 -71.18 482.00 187 113 19
27.73 -71.18 482.00 186 112 18
28.52 -71.18 482.00 185 111 15
29.31 -71.18 482.00 184 110 14
30.17 -71.33 483.00 184 107 12
31.03 -71.47 484.00 184 107 12
31.82 -71.47 484.00 182 105 10
32.69 -71.62 485.00 182 105 10
33.48 -71.62 485.00 182 102 8
34.28 -71.62 485.00 179 99 5
35.15 -71.77 486.00 179 99 5
36.03 -71.92 487.00 179 99 5
36.83 -71.92 487.00 179 99 5
37.63 -71.92 487.00 179 99 5
38.51 -72.06 488.00 179 98 9
39.39 -72.21 489.00 179 98 9
40.20 -72.21 489.00 177 99 11
41.00 -72.21 489.00 177 99 11
41.89 -72.36 490.00 178 103 16
42.70 -72.36 490.00 178 103 16
43.50 -72.36 490.00 179 103 19
44.40 -72.51 491.00 180 104 20
45.30 -72.66 492.00 180 106 23
46.11 -72.66 492.00 181 107 24
47.20 -73.10 495.00 179 112 43
48.31 -73.54 498.00 183 116 47
53.21 -77.09 522.00 175 129 100
54.07 -77.09 522.00 180 134 105
55.77 -78.27 530.00 188 169 156
-10.97 -74.76 512.00 156 145 136
-10.07 -74.33 509.00 153 119 95
-9.23 -74.33 509.00 131 97 73
-8.36 -74.03 507.00 143 90 45
-7.50 -73.74 505.00 140 87 42
-6.67 -73.74 505.00 148 85 26
-5.82 -73.45 503.00 149 86 27
-4.96 -73.01 500.00 152 85 16
-4.14 -73.01 500.00 151 84 15
-3.30 -72.72 498.00 159 83 10
-2.48 -72.72 498.00 160 84 11
-1.64 -71.84 492.00 164 87 8
-0.83 -71.55 490.00 165 88 9
-0.02 -71.55 490.00 168 89 6
0.78 -71.26 488.00 169 90 7
1.58 -70.97 486.00 174 93 6
2.38 -70.97 486.00 175 94 7
3.17 -70.82 485.00 177 96 7
3.96 -70.68 484.00 181 100 11
4.75 -70.68 484.00 188 111 18
5.55 -70.68 484.00 182 105 12
6.35 -70.68 484.00 179 102 9
7.14 -70.68 484.00 179 102 9
7.94 -70.68 484.00 182 101 12
8.74 -70.68 484.00 183 102 13
9.53 -70.68 484.00 186 108 22
10.33 -70.68 484.00 187 109 23
11.12 -70.68 484.00 187 110 31
11.90 -70.53 483.00 188 111 32
12.69 -70.53 483.00 184 107 28
13.48 -70.53 483.00 182 105 26
14.28 -70.53 483.00 180 104 20
15.07 -70.53 483.00 180 104 20
15.83 -70.38 482.00 185 110 21
16.63 -70.38 482.00 185 110 21
17.42 -70.38 482.00 186 108 18
18.21 -70.38 482.00 184 106 16
18.97 -70.24 481.00 186 109 16
19.76 -70.24 481.00 187 110 17
20.55 -70.24 481.00 187 110 17
21.34 -70.24 481.00 184 107 14
22.09 -70.09 480.00 186 109 14
22.88 -70.09 480.00 186 109 14
23.66 -70.09 480.00 187 110 15
24.51 -70.24 481.00 191 114 19
25.30 -70.24 481.00 188 114 20
26.09 -70.24 481.00 184 110 16
26.88 -70.24 481.00 186 112 18
27.67 -70.24 481.00 188 114 20
28.46 -70.24 481.00 187 113 19
29.31 -70.38 482.00 188 114 20
30.17 -70.53 483.00 185 110 19
30.96 -70.53 483.00 188 113 22
31.76 -70.53 483.00 184 107 12
32.62 -70.68 484.00 182 105 10
33.48 -70.82 485.00 183 103 9
34.28 -70.82 485.00 179 99 5
35.15 -70.97 486.00 179 99 5
35.95 -70.97 486.00 177 97 3
36.75 -70.97 486.00 178 98 4
37.63 -71.11 487.00 178 98 4
38.43 -71.11 487.00 179 99 7
39.31 -71.26 488.00 179 99 7
40.11 -71.26 488.00 177 99 11
41.00 -71.41 489.00 177 99 11
41.80 -71.41 489.00 179 101 13
42.61 -71.41 489.00 180 102 14
43.50 -71.55 490.00 178 103 16
44.40 -71.70 491.00 179 104 17
45.21 -71.70 491.00 178 104 19
46.01 -71.70 491.00 179 105 20
47.11 -72.14 494.00 178 106 32
48.11 -72.43 496.00 182 110 36
48.93 -72.43 496.00 180 116 59
53.21 -76.23 522.00 178 126 88
54.07 -76.23 522.00 180 128 90
55.46 -76.96 527.00 164 138 123
-11.84 -74.06 513.00 173 154 141
-10.93 -73.63 510.00 152 133 120
-10.03 -73.20 507.00 136 94 66
-9.20 -73.20 507.00 137 95 67
-8.33 -72.91 505.00 144 90 39
-7.50 -72.91 505.00 140 86 35
-6.63 -72.48 502.00 148 85 21
-5.78 -72.19 500.00 149 86 22
-4.96 -72.19 500.00 156 84 14
-4.12 -71.90 498.00 155 83 13
-3.28 -71.47 495.00 159 84 8
-2.47 -71.47 495.00 160 85 9
-1.64 -71.03 492.00 164 87 8
-0.83 -70.74 490.00 166 89 10
-0.02 -70.74 490.00 169 90 7
0.78 -70.46 488.00 169 90 7
1.58 -70.17 486.00 174 93 6
2.38 -70.17 486.00 176 95 8
3.17 -70.02 485.00 178 98 6
3.96 -69.88 484.00 182 102 10
4.75 -69.88 484.00 184 107 14
5.55 -69.88 484.00 181 104 11
6.35 -69.88 484.00 179 101 11
7.14 -69.88 484.00 179 101 11
7.94 -69.88 484.00 182 101 12
8.74 -69.88 484.00 183 102 13
9.53 -69.88 484.00 186 108 22
10.33 -69.88 484.00 188 110 24
11.12 -69.88 484.00 185 109 27
11.90 -69.73 483.00 185 109 27
12.69 -69.73 483.00 180 104 22
13.48 -69.73 483.00 180 104 22
14.28 -69.73 483.00 180 104 20
15.07 -69.73 483.00 181 105 21
15.83 -69.59 482.00 184 106 18
16.63 -69.59 482.00 184 106 18
17.42 -69.59 482.00 184 106 16
18.21 -69.59 482.00 184 106 16
18.97 -69.44 481.00 184 107 14
19.76 -69.44 481.00 186 109 16
20.55 -69.44 481.00 186 109 14
21.34 -69.44 481.00 183 106 11
22.09 -69.30 480.00 186 109 14
22.88 -69.30 480.00 186 109 14
23.66 -69.30 480.00 186 110 12
24.51 -69.44 481.00 190 114 16
25.30 -69.44 481.00 188 114 18
26.09 -69.44 481.00 184 110 14
26.88 -69.44 481.00 187 110 17
27.67 -69.44 481.00 197 120 27
28.46 -69.44 481.00 188 113 24
29.31 -69.59 482.00 195 120 31
30.17 -69.73 483.00 186 111 24
30.96 -69.73 483.00 189 114 27
31.76 -69.73 483.00 185 111 17
32.62 -69.88 484.00 180 106 12
33.42 -69.88 484.00 182 102 8
34.21 -69.88 484.00 179 99 5
35.08 -70.02 485.00 180 99 5
35.95 -70.17 486.00 178 97 3
36.75 -70.17 486.00 179 98 4
37.55 -70.17 486.00 178 97 3
38.43 -70.31 487.00 178 98 6
39.23 -70.31 487.00 178 98 6
40.03 -70.31 487.00 179 98 11
40.92 -70.46 488.00 178 97 10
41.80 -70.60 489.00 177 99 11
42.61 -70.60 489.00 179 101 13
43.41 -70.60 489.00 178 103 16
44.31 -70.74 490.00 179 104 17
45.21 -70.89 491.00 178 102 18
46.01 -70.89 491.00 178 102 18
47.01 -71.18 493.00 176 104 23
48.02 -71.47 495.00 181 109 28
48.83 -71.47 495.00 180 113 46
50.05 -72.04 499.00 183 116 49
52.50 -74.35 515.00 177 119 74
53.35 -74.35 515.00 185 127 82
55.46 -76.09 527.00 162 128 106
56.75 -76.66 531.00 207 173 151
-11.84 -73.22 513.00 143 118 100
-10.89 -72.51 508.00 148 123 105
-10.03 -72.36 507.00 138 92 61
-9.16 -72.08 505.00 138 92 61
-8.30 -71.79 503.00 145 87 33
-7.47 -71.79 503.00 142 84 30
-6.60 -71.36 500.00 151 83 19
-5.76 -71.08 498.00 152 84 20
-4.94 -71.08 498.00 156 83 11
-4.09 -70.65 495.00 157 84 12
-3.27 -70.36 493.00 161 84 7
-2.46 -70.36 493.00 163 86 9
-1.63 -69.94 490.00 165 89 7
-0.82 -69.51 487.00 167 91 9
-0.02 -69.51 487.00 169 91 5
0.78 -69.37 486.00 170 92 6
1.57 -69.22 485.00 174 93 6
2.37 -69.22 485.00 176 95 8
3.16 -69.08 484.00 178 98 6
3.96 -69.08 484.00 181 101 9
4.75 -69.08 484.00 184 104 12
5.54 -68.94 483.00 183 103 11
6.33 -68.94 483.00 182 101 12
7.13 -68.94 483.00 181 100 11
7.92 -68.94 483.00 183 102 13
8.72 -68.94 483.00 182 101 12
9.51 -68.94 483.00 186 108 20
10.33 -69.08 484.00 187 109 21
11.10 -68.94 483.00 187 109 23
11.90 -68.94 483.00 186 108 22
12.69 -68.94 483.00 182 104 18
13.48 -68.94 483.00 181 103 17
14.25 -68.79 482.00 182 104 18
15.04 -68.79 482.00 183 105 19
15.83 -68.79 482.00 183 105 19
16.59 -68.65 481.00 183 105 19
17.38 -68.65 481.00 183 105 15
18.18 -68.65 481.00 183 105 15
18.97 -68.65 481.00 184 104 12
19.76 -68.65 481.00 185 105 13
20.51 -68.51 480.00 186 106 12
21.30 -68.51 480.00 186 106 12
22.09 -68.51 480.00 188 108 14
22.88 -68.51 480.00 188 108 14
23.66 -68.51 480.00 188 109 12
24.45 -68.51 480.00 190 111 14
25.24 -68.51 480.00 189 112 17
26.03 -68.51 480.00 184 107 12
26.88 -68.65 481.00 187 110 15
27.67 -68.65 481.00 191 114 19
28.46 -68.65 481.00 189 111 23
29.31 -68.79 482.00 191 113 25
30.11 -68.79 482.00 186 110 26
30.96 -68.94 483.00 189 113 29
31.76 -68.94 483.00 186 111 20
32.62 -69.08 484.00 180 105 14
33.42 -69.08 484.00 183 102 10
34.21 -69.08 484.00 180 99 7
35.08 -69.22 485.00 180 99 7
35.95 -69.37 486.00 180 99 7
36.75 -69.37 486.00 178 97 5
37.55 -69.37 486.00 178 97 5
38.43 -69.51 487.00 179 97 8
39.23 -69.51 487.00 179 97 8
40.03 -69.51 487.00 179 98 11
40.92 -69.65 488.00 178 97 10
41.80 -69.79 489.00 176 98 10
42.61 -69.79 489.00 177 99 11
43.41 -69.79 489.00 179 101 15
44.31 -69.94 490.00 181 103 17
45.21 -70.08 491.00 177 102 15
46.01 -70.08 491.00 177 102 15
47.01 -70.36 493.00 176 102 19
48.02 -70.65 495.00 179 105 22
48.83 -70.65 495.00 181 109 37
50.05 -71.22 499.00 182 110 38
52.50 -73.50 515.00 177 116 65
53.35 -73.50 515.00 184 123 72
55.88 -75.79 531.00 169 129 103
56.75 -75.79 531.00 188 148 122
-11.75 -71.81 509.00 147 115 95
-10.84 -71.39 506.00 149 117 97
-10.01 -71.39 506.00 144 94 58
-9.12 -70.96 503.00 140 90 54
-8.26 -70.68 501.00 146 86 28
-7.44 -70.68 501.00 144 84 26
-6.59 -70.40 499.00 153 83 17
-5.73 -69.97 496.00 154 84 18
-4.92 -69.97 496.00 156 83 11
-4.09 -69.69 494.00 158 85 13
-3.25 -69.27 491.00 163 86 7
-2.45 -69.27 491.00 164 87 8
-1.63 -68.99 489.00 167 88 5
-0.82 -68.56 486.00 169 90 7
-0.02 -68.56 486.00 172 91 6
0.78 -68.42 485.00 174 93 8
1.57 -68.28 484.00 175 94 7
2.37 -68.28 484.00 178 97 10
3.16 -68.28 484.00 181 100 11
3.95 -68.14 483.00 182 101 12
4.74 -68.14 483.00 183 103 11
5.54 -68.14 483.00 183 103 11
6.33 -68.14 483.00 182 101 12
7.13 -68.14 483.00 183 102 13
7.92 -68.14 483.00 184 103 14
8.72 -68.14 483.00 182 101 12
9.51 -68.14 483.00 183 105 17
10.31 -68.14 483.00 186 108 20
11.10 -68.14 483.00 186 108 20
11.90 -68.14 483.00 183 105 17
12.69 -68.14 483.00 182 104 16
13.46 -68.00 482.00 182 104 16
14.25 -68.00 482.00 182 104 18
15.04 -68.00 482.00 183 105 19
15.80 -67.86 481.00 183 105 17
16.59 -67.86 481.00 182 104 16
17.38 -67.86 481.00 184 103 14
18.18 -67.86 481.00 184 103 14
18.93 -67.72 480.00 184 104 12
19.72 -67.72 480.00 185 105 13
20.51 -67.72 480.00 188 108 14
21.25 -67.58 479.00 188 108 14
22.04 -67.58 479.00 188 108 14
22.83 -67.58 479.00 188 108 14
23.62 -67.58 479.00 188 109 12
24.45 -67.72 480.00 188 109 12
25.24 -67.72 480.00 191 111 17
26.03 -67.72 480.00 186 106 12
26.82 -67.72 480.00 186 109 14
27.67 -67.86 481.00 189 112 17
28.46 -67.86 481.00 188 110 20
29.25 -67.86 481.00 191 113 23
30.11 -68.00 482.00 188 110 24
30.96 -68.14 483.00 190 112 26
31.76 -68.14 483.00 187 109 21
32.55 -68.14 483.00 184 106 18
33.42 -68.28 484.00 183 103 11
34.21 -68.28 484.00 179 99 7
35.01 -68.28 484.00 180 99 7
35.88 -68.42 485.00 180 99 7
36.68 -68.42 485.00 180 99 7
37.55 -68.56 486.00 178 97 5
38.35 -68.56 486.00 179 97 8
39.23 -68.70 487.00 179 97 8
40.03 -68.70 487.00 178 97 10
40.83 -68.70 487.00 178 97 10
41.80 -68.99 489.00 178 97 10
42.61 -68.99 489.00 179 98 11
43.41 -68.99 489.00 177 99 13
44.31 -69.13 490.00 179 101 15
45.21 -69.27 491.00 179 101 15
46.01 -69.27 491.00 177 99 13
47.01 -69.55 493.00 175 99 15
48.02 -69.83 495.00 178 102 18
48.83 -69.83 495.00 179 104 28
49.95 -70.26 498.00 181 106 30
52.09 -72.09 511.00 177 113 54
52.93 -72.09 511.00 182 118 59
55.88 -74.91 531.00 176 128 95
56.75 -74.91 531.00 173 125 92
57.62 -74.91 531.00 199 181 170
-11.75 -70.97 509.00 156 120 97
-10.84 -70.55 506.00 142 106 83
-10.01 -70.55 506.00 146 90 51
-9.12 -70.13 503.00 142 86 47
-8.26 -69.85 501.00 149 85 26
-7.44 -69.85 501.00 147 83 24
-6.59 -69.57 499.00 153 83 17
-5.73 -69.16 496.00 154 84 18
-4.92 -69.16 496.00 159 83 12
-4.09 -68.88 494.00 160 84 13
-3.25 -68.46 491.00 164 87 8
-2.45 -68.46 491.00 165 88 9
-1.63 -68.18 489.00 168 89 6
-0.82 -67.76 486.00 172 93 10
-0.02 -67.76 486.00 175 94 9
0.78 -67.62 485.00 178 97 12
1.57 -67.48 484.00 178 97 12
2.37 -67.48 484.00 179 98 13
3.16 -67.48 484.00 182 101 14
3.95 -67.34 483.00 182 101 14
4.74 -67.34 483.00 182 101 12
5.54 -67.34 483.00 182 101 12
6.33 -67.34 483.00 184 103 14
7.13 -67.34 483.00 185 104 15
7.92 -67.34 483.00 185 104 15
8.72 -67.34 483.00 183 102 13
9.51 -67.34 483.00 184 106 16
10.31 -67.34 483.00 184 106 16
11.10 -67.34 483.00 183 105 15
11.90 -67.34 483.00 182 104 14
12.69 -67.34 483.00 182 104 16
13.46 -67.20 482.00 184 106 18
14.25 -67.20 482.00 184 106 20
15.04 -67.20 482.00 183 105 19
15.80 -67.07 481.00 182 104 16
16.59 -67.07 481.00 182 104 16
17.38 -67.07 481.00 181 103 13
18.18 -67.07 481.00 182 104 14
18.93 -66.93 480.00 183 103 11
19.72 -66.93 480.00 186 106 14
20.51 -66.93 480.00 189 109 17
21.25 -66.79 479.00 189 109 17
22.04 -66.79 479.00 189 109 15
22.83 -66.79 479.00 188 108 14
23.62 -66.79 479.00 188 108 14
24.40 -66.79 479.00 188 108 14
25.19 -66.79 479.00 189 109 15
25.98 -66.79 479.00 186 106 12
26.82 -66.93 480.00 188 108 14
27.67 -67.07 481.00 190 110 16
28.46 -67.07 481.00 190 110 18
29.25 -67.07 481.00 191 111 19
30.11 -67.20 482.00 188 110 22
30.90 -67.20 482.00 189 111 23
31.69 -67.20 482.00 188 110 22
32.55 -67.34 483.00 186 108 20
33.42 -67.48 484.00 185 105 13
34.21 -67.48 484.00 181 101 9
35.01 -67.48 484.00 182 101 9
35.80 -67.48 484.00 182 101 9
36.60 -67.48 484.00 180 99 7
37.47 -67.62 485.00 178 97 5
38.27 -67.62 485.00 179 98 6
39.15 -67.76 486.00 179 98 6
39.95 -67.76 486.00 178 97 8
40.83 -67.90 487.00 178 97 8
41.72 -68.04 488.00 177 96 9
42.52 -68.04 488.00 178 97 10
43.50 -68.32 490.00 178 97 12
44.40 -68.46 491.00 177 96 11
45.21 -68.46 491.00 181 100 15
46.01 -68.46 491.00 178 97 12
47.01 -68.74 493.00 176 97 14
48.02 -69.02 495.00 179 100 17
48.83 -69.02 495.00 178 103 27
49.95 -69.44 498.00 179 104 28
51.17 -69.99 502.00 174 106 42
52.93 -71.25 511.00 181 113 49
57.18 -74.59 535.00 173 119 81
57.73 -74.18 532.00 192 171 156
-13.45 -70.27 510.00 169 154 142
-12.61 -70.27 510.00 140 125 113
-11.68 -69.72 506.00 162 119 94
-10.78 -69.30 503.00 138 95 70
-9.95 -69.30 503.00 147 89 46
-9.09 -69.03 501.00 142 84 41
-8.23 -68.75 499.00 150 84 23
-7.41 -68.75 499.00 149 83 22
-6.59 -68.75 499.00 155 82 15
-5.73 -68.34 496.00 156 83 16
-4.92 -68.34 496.00 160 84 13
-4.09 -68.06 494.00 162 86 15
-3.25 -67.51 490.00 166 89 10
-2.44 -67.51 490.00 168 91 12
-1.62 -67.10 487.00 170 94 10
-0.82 -66.82 485.00 172 96 12
-0.02 -66.82 485.00 175 96 13
0.77 -66.69 484.00 179 100 17
1.57 -66.69 484.00 177 99 13
2.37 -66.69 484.00 179 101 15
3.16 -66.55 483.00 179 101 15
3.95 -66.55 483.00 180 102 16
4.74 -66.55 483.00 179 101 11
5.54 -66.55 483.00 180 102 12
6.33 -66.55 483.00 184 103 14
7.13 -66.55 483.00 185 104 15
7.92 -66.55 483.00 185 104 15
8.72 -66.55 483.00 184 103 14
9.51 -66.55 483.00 186 105 16
10.31 -66.55 483.00 186 105 16
11.10 -66.55 483.00 183 105 15
11.87 -66.41 482.00 182 104 14
12.66 -66.41 482.00 182 104 14
13.46 -66.41 482.00 184 106 16
14.22 -66.27 481.00 182 107 20
15.01 -66.27 481.00 180 105 18
15.80 -66.27 481.00 180 105 18
16.59 -66.27 481.00 180 105 18
17.38 -66.27 481.00 181 103 13
18.14 -66.13 480.00 182 104 14
18.93 -66.13 480.00 181 104 11
19.72 -66.13 480.00 183 106 13
20.46 -66.00 479.00 190 113 20
21.25 -66.00 479.00 194 117 24
22.04 -66.00 479.00 187 110 17
22.83 -66.00 479.00 184 107 14
23.62 -66.00 479.00 186 106 14
24.40 -66.00 479.00 185 105 13
25.19 -66.00 479.00 189 109 15
25.98 -66.00 479.00 186 106 12
26.82 -66.13 480.00 186 106 12
27.67 -66.27 481.00 189 109 15
28.46 -66.27 481.00 190 110 18
29.25 -66.27 481.00 193 113 21
30.11 -66.41 482.00 193 112 25
30.90 -66.41 482.00 191 110 23
31.69 -66.41 482.00 190 109 24
32.55 -66.55 483.00 189 108 23
33.42 -66.69 484.00 188 107 18
34.21 -66.69 484.00 184 103 14
35.01 -66.69 484.00 182 102 10
35.80 -66.69 484.00 181 101 9
36.60 -66.69 484.00 181 101 9
37.47 -66.82 485.00 178 98 6
38.27 -66.82 485.00 178 98 6
39.15 -66.96 486.00 179 99 7
39.95 -66.96 486.00 178 97 8
40.83 -67.10 487.00 178 97 8
41.72 -67.24 488.00 176 95 8
42.52 -67.24 488.00 177 96 9
43.50 -67.51 490.00 177 96 11
44.40 -67.65 491.00 177 96 11
45.30 -67.79 492.00 179 98 13
46.11 -67.79 492.00 177 96 11
47.11 -68.06 494.00 175 96 13
48.02 -68.20 495.00 177 98 15
48.83 -68.20 495.00 178 103 27
49.95 -68.61 498.00 179 104 28
51.17 -69.17 502.00 175 105 39
57.73 -73.30 532.00 168 140 121
-13.39 -69.15 508.00 168 147 134
-12.56 -69.15 508.00 140 119 106
-11.63 -68.61 504.00 152 106 77
-10.76 -68.34 502.00 143 97 68
-9.93 -68.34 502.00 145 86 39
-9.05 -67.93 499.00 142 83 36
-8.20 -67.66 497.00 150 84 21
-7.38 -67.66 497.00 149 83 20
-6.54 -67.38 495.00 155 82 15
-5.70 -67.11 493.00 156 83 16
-4.89 -67.11 493.00 163 85 13
-4.06 -66.84 491.00 164 86 14
-3.24 -66.57 489.00 167 90 11
-2.44 -66.57 489.00 170 93 14
-1.62 -66.16 486.00 171 95 13
-0.82 -66.02 485.00 174 98 16
-0.02 -66.02 485.00 177 101 19
0.77 -65.89 484.00 178 102 20
1.57 -65.75 483.00 180 101 18
2.36 -65.75 483.00 179 100 17
3.16 -65.75 483.00 177 99 13
3.95 -65.75 483.00 179 101 15
4.74 -65.75 483.00 179 101 13
5.54 -65.75 483.00 180 102 14
6.33 -65.75 483.00 182 104 14
7.13 -65.75 483.00 182 104 14
7.92 -65.75 483.00 182 105 12
8.72 -65.75 483.00 181 104 11
9.51 -65.75 483.00 183 106 13
10.31 -65.75 483.00 183 106 13
11.08 -65.61 482.00 182 105 12
11.87 -65.61 482.00 181 104 11
12.66 -65.61 482.00 180 105 14
13.46 -65.61 482.00 182 107 16
14.22 -65.48 481.00 182 107 20
15.01 -65.48 481.00 180 105 18
15.80 -65.48 481.00 179 105 20
16.56 -65.34 480.00 179 105 20
17.35 -65.34 480.00 178 105 17
18.14 -65.34 480.00 178 105 17
18.89 -65.21 479.00 179 104 13
19.68 -65.21 479.00 181 106 15
20.46 -65.21 479.00 193 115 25
21.25 -65.21 479.00 195 117 27
22.04 -65.21 479.00 185 110 19
22.83 -65.21 479.00 184 109 18
23.62 -65.21 479.00 185 105 11
24.40 -65.21 479.00 184 104 10
25.19 -65.21 479.00 189 108 14
25.98 -65.21 479.00 187 106 12
26.82 -65.34 480.00 187 106 12
27.61 -65.34 480.00 189 108 14
28.40 -65.34 480.00 190 112 22
29.25 -65.48 481.00 194 116 26
30.04 -65.48 481.00 191 113 27
30.83 -65.48 481.00 191 113 27
31.69 -65.61 482.00 189 111 25
32.55 -65.75 483.00 189 111 25
33.35 -65.75 483.00 188 107 18
34.14 -65.75 483.00 185 104 15
35.01 -65.89 484.00 183 103 11
35.80 -65.89 484.00 182 102 10
36.60 -65.89 484.00 181 101 9
37.40 -65.89 484.00 178 98 6
38.27 -66.02 485.00 179 99 7
39.07 -66.02 485.00 179 99 7
39.95 -66.16 486.00 177 96 7
40.83 -66.30 487.00 177 96 7
41.72 -66.43 488.00 176 95 8
42.52 -66.43 488.00 177 96 9
43.50 -66.70 490.00 176 95 8
44.40 -66.84 491.00 177 96 9
45.30 -66.98 492.00 178 97 12
46.11 -66.98 492.00 177 96 11
47.11 -67.25 494.00 176 94 12
48.02 -67.38 495.00 178 96 14
48.83 -67.38 495.00 178 101 24
49.85 -67.66 497.00 178 101 24
50.97 -68.07 500.00 176 104 34
52.31 -68.75 505.00 180 108 38
53.14 -68.75 505.00 175 116 69
54.40 -69.29 509.00 180 121 74
59.60 -73.65 541.00 210 176 152
-13.39 -68.32 508.00 155 129 114
-12.56 -68.32 508.00 137 111 96
-11.63 -67.78 504.00 150 100 68
-10.76 -67.51 502.00 141 91 59
-9.93 -67.51 502.00 144 85 36
-9.05 -67.11 499.00 142 83 34
-8.20 -66.84 497.00 150 84 21
-7.38 -66.84 497.00 149 83 20
-6.54 -66.57 495.00 156 83 13
-5.70 -66.30 493.00 157 84 14
-4.89 -66.30 493.00 163 85 13
-4.06 -66.03 491.00 164 86 14
-3.24 -65.76 489.00 166 89 10
-2.44 -65.76 489.00 170 93 14
-1.62 -65.36 486.00 171 95 13
-0.82 -65.22 485.00 174 98 16
-0.02 -65.22 485.00 180 101 20
0.77 -65.09 484.00 180 101 20
1.57 -64.95 483.00 181 102 21
2.36 -64.95 483.00 181 102 21
3.16 -64.95 483.00 176 98 12
3.95 -64.95 483.00 176 98 12
4.74 -64.95 483.00 177 99 11
5.54 -64.95 483.00 180 102 14
6.33 -64.95 483.00 181 104 11
7.13 -64.95 483.00 181 104 11
7.92 -64.95 483.00 182 105 10
8.72 -64.95 483.00 181 104 9
9.51 -64.95 483.00 183 106 13
10.31 -64.95 483.00 182 105 12
11.08 -64.82 482.00 181 104 11
11.87 -64.82 482.00 180 103 10
12.66 -64.82 482.00 181 103 13
13.43 -64.69 481.00 183 105 15
14.22 -64.69 481.00 181 107 24
15.01 -64.69 481.00 179 105 22
15.77 -64.55 480.00 176 104 23
16.52 -64.42 479.00 176 104 23
17.31 -64.42 479.00 175 104 18
18.10 -64.42 479.00 176 105 19
18.89 -64.42 479.00 179 106 18
19.68 -64.42 479.00 180 107 19
20.46 -64.42 479.00 189 114 27
21.21 -64.28 478.00 192 117 30
21.99 -64.28 478.00 186 111 20
22.78 -64.28 478.00 184 109 18
23.57 -64.28 478.00 185 105 11
24.40 -64.42 479.00 184 104 10
25.19 -64.42 479.00 187 107 10
25.98 -64.42 479.00 186 106 9
26.77 -64.42 479.00 186 106 9
27.61 -64.55 480.00 187 107 10
28.40 -64.55 480.00 192 112 20
29.25 -64.69 481.00 196 116 24
30.04 -64.69 481.00 193 115 27
30.83 -64.69 481.00 193 115 27
31.69 -64.82 482.00 189 111 25
32.48 -64.82 482.00 191 113 27
33.35 -64.95 483.00 187 109 21
34.14 -64.95 483.00 184 106 18
34.94 -64.95 483.00 188 110 22
35.80 -65.09 484.00 186 108 20
36.60 -65.09 484.00 182 101 12
37.40 -65.09 484.00 178 97 8
38.27 -65.22 485.00 182 100 11
39.07 -65.22 485.00 179 97 8
39.95 -65.36 486.00 177 95 8
40.83 -65.49 487.00 177 95 8
41.72 -65.63 488.00 177 95 8
42.52 -65.63 488.00 177 95 8
43.50 -65.90 490.00 177 95 8
44.40 -66.03 491.00 178 96 9
45.21 -66.03 491.00 178 96 9
46.11 -66.16 492.00 177 95 8
47.11 -66.43 494.00 176 95 10
48.02 -66.57 495.00 177 96 11
48.83 -66.57 495.00 177 98 17
49.75 -66.70 496.00 179 100 19
50.87 -67.11 499.00 176 103 31
52.00 -67.51 502.00 179 106 34
52.82 -67.51 502.00 175 114 61
53.86 -67.78 504.00 180 119 66
55.78 -69.12 514.00 163 125 98
58.94 -71.95 535.00 198 160 133
-13.34 -67.21 506.00 159 129 111
-12.51 -67.21 506.00 138 108 90
-11.61 -66.81 503.00 151 96 61
-10.72 -66.42 500.00 143 88 53
-9.89 -66.42 500.00 145 84 33
-9.03 -66.15 498.00 144 83 32
-8.18 -65.88 496.00 151 83 19
-7.37 -65.88 496.00 151 83 19
-6.54 -65.75 495.00 157 84 12
-5.69 -65.35 492.00 158 85 13
-4.88 -65.35 492.00 163 86 11
-4.05 -65.09 490.00 164 87 12
-3.24 -64.96 489.00 167 90 13
-2.44 -64.96 489.00 171 94 17
-1.62 -64.56 486.00 172 96 14
-0.82 -64.42 485.00 174 98 16
-0.02 -64.29 484.00 178 102 20
0.77 -64.29 484.00 178 102 20
1.57 -64.16 483.00 178 102 20
2.36 -64.16 483.00 177 101 19
3.16 -64.16 483.00 175 97 11
3.95 -64.16 483.00 176 98 12
4.74 -64.16 483.00 176 98 10
5.54 -64.16 483.00 179 101 13
6.33 -64.16 483.00 180 102 12
7.13 -64.16 483.00 181 103 13
7.91 -64.03 482.00 182 105 10
8.70 -64.03 482.00 181 104 9
9.51 -64.16 483.00 182 105 12
10.31 -64.16 483.00 182 105 12
11.08 -64.03 482.00 181 104 11
11.87 -64.03 482.00 180 103 10
12.66 -64.03 482.00 178 103 16
13.43 -63.89 481.00 179 104 17
14.22 -63.89 481.00 174 103 26
15.01 -63.89 481.00 168 97 20
15.77 -63.76 480.00 164 98 26
16.52 -63.63 479.00 165 99 27
17.31 -63.63 479.00 170 105 26
18.10 -63.63 479.00 170 105 26
18.89 -63.63 479.00 175 105 21
19.68 -63.63 479.00 176 106 22
20.46 -63.63 479.00 183 109 24
21.21 -63.49 478.00 187 113 28
21.99 -63.49 478.00 186 113 23
22.78 -63.49 478.00 185 112 22
23.57 -63.49 478.00 184 107 12
24.40 -63.63 479.00 183 106 11
25.19 -63.63 479.00 186 106 9
25.98 -63.63 479.00 185 105 8
26.77 -63.63 479.00 185 105 8
27.61 -63.76 480.00 186 106 9
28.40 -63.76 480.00 189 108 16
29.25 -63.89 481.00 193 112 20
30.04 -63.89 481.00 191 113 25
30.83 -63.89 481.00 187 109 21
31.69 -64.03 482.00 189 111 23
32.48 -64.03 482.00 193 115 27
33.35 -64.16 483.00 186 111 24
34.14 -64.16 483.00 184 109 22
34.94 -64.16 483.00 186 111 24
35.80 -64.29 484.00 188 113 26
36.60 -64.29 484.00 184 103 18
37.40 -64.29 484.00 179 98 13
38.27 -64.42 485.00 180 98 9
39.07 -64.42 485.00 179 97 8
39.95 -64.56 486.00 178 96 9
40.83 -64.69 487.00 177 95 8
41.72 -64.82 488.00 177 95 8
42.52 -64.82 488.00 177 95 8
43.50 -65.09 490.00 176 94 7
44.40 -65.22 491.00 177 95 8
45.21 -65.22 491.00 177 95 8
46.20 -65.49 493.00 177 95 8
47.11 -65.62 494.00 176 94 7
48.02 -65.75 495.00 177 95 8
48.83 -65.75 495.00 178 96 14
49.75 -65.88 496.00 179 97 15
50.77 -66.15 498.00 177 101 28
51.90 -66.55 501.00 181 105 32
52.72 -66.55 501.00 177 112 58
53.65 -66.68 502.00 182 117 63
55.02 -67.35 507.00 171 127 99
58.94 -71.07 535.00 189 145 117
59.82 -71.07 535.00 189 176 163
-13.31 -66.25 505.00 153 119 97
-12.48 -66.25 505.00 143 109 87
-11.58 -65.85 502.00 149 93 54
-10.69 -65.46 499.00 142 86 47
-9.87 -65.46 499.00 144 83 30
-9.03 -65.33 498.00 145 84 31
-8.18 -65.07 496.00 153 86 19
-7.37 -65.07 496.00 152 85 18
-6.52 -64.80 494.00 157 84 12
-5.69 -64.54 492.00 158 85 13
-4.88 -64.54 492.00 163 85 13
-4.05 -64.28 490.00 165 87 15
-3.23 -64.02 488.00 167 90 13
-2.43 -64.02 488.00 171 94 17
-1.62 -63.76 486.00 173 97 15
-0.82 -63.62 485.00 175 99 17
-0.02 -63.49 484.00 178 102 20
0.77 -63.49 484.00 177 101 19
1.57 -63.49 484.00 177 98 17
2.37 -63.49 484.00 176 97 16
3.16 -63.36 483.00 175 96 13
3.95 -63.36 483.00 175 96 13
4.74 -63.36 483.00 176 98 10
5.54 -63.36 483.00 177 99 11
6.33 -63.36 483.00 179 101 11
7.13 -63.36 483.00 179 101 11
7.91 -63.23 482.00 180 103 10
8.70 -63.23 482.00 181 104 11
9.51 -63.36 483.00 181 104 11
10.28 -63.23 482.00 181 104 11
11.08 -63.23 482.00 181 103 13
11.87 -63.23 482.00 181 103 13
12.66 -63.23 482.00 174 99 19
13.43 -63.10 481.00 172 97 17
14.22 -63.10 481.00 161 95 30
15.01 -63.10 481.00 149 83 18
15.77 -62.97 480.00 147 92 30
16.52 -62.84 479.00 149 94 32
17.31 -62.84 479.00 155 101 32
18.10 -62.84 479.00 154 100 31
18.89 -62.84 479.00 165 102 22
19.68 -62.84 479.00 169 106 26
20.46 -62.84 479.00 175 105 21
21.21 -62.71 478.00 182 112 28
21.99 -62.71 478.00 184 114 23
22.78 -62.71 478.00 183 113 22
23.57 -62.71 478.00 186 109 14
24.40 -62.84 479.00 182 105 10
25.19 -62.84 479.00 185 105 8
25.98 -62.84 479.00 184 104 7
26.77 -62.84 479.00 184 104 7
27.61 -62.97 480.00 185 105 8
28.40 -62.97 480.00 186 105 11
29.25 -63.10 481.00 189 108 14
30.04 -63.10 481.00 192 111 24
30.83 -63.10 481.00 189 108 21
31.69 -63.23 482.00 188 110 24
32.48 -63.23 482.00 194 116 30
33.35 -63.36 483.00 189 113 29
34.14 -63.36 483.00 185 109 25
34.94 -63.36 483.00 187 111 29
35.73 -63.36 483.00 189 113 31
36.52 -63.36 483.00 183 104 23
37.40 -63.49 484.00 183 104 23
38.19 -63.49 484.00 181 100 13
38.99 -63.49 484.00 178 97 10
39.95 -63.76 486.00 178 96 9
40.83 -63.89 487.00 177 95 8
41.72 -64.02 488.00 177 95 8
42.52 -64.02 488.00 178 96 9
43.50 -64.28 490.00 176 94 7
44.49 -64.54 492.00 177 95 8
45.48 -64.80 494.00 177 95 8
46.29 -64.80 494.00 177 95 8
47.11 -64.80 494.00 176 94 7
48.02 -64.94 495.00 177 95 8
48.83 -64.94 495.00 177 96 11
49.75 -65.07 496.00 179 98 13
50.77 -65.33 498.00 178 101 26
51.90 -65.72 501.00 182 105 30
52.72 -65.72 501.00 175 111 54
53.65 -65.85 502.00 180 116 59
55.02 -66.51 507.00 175 126 96
60.82 -71.36 544.00 191 177 162
-13.31 -65.41 505.00 156 118 93
-12.48 -65.41 505.00 134 96 71
-11.58 -65.03 502.00 149 91 50
-10.69 -64.64 499.00 143 85 44
-9.87 -64.64 499.00 146 82 28
-9.03 -64.51 498.00 147 83 29
-8.18 -64.25 496.00 155 85 17
-7.37 -64.25 496.00 154 84 16
-6.52 -63.99 494.00 157 84 10
-5.69 -63.73 492.00 160 87 13
-4.88 -63.73 492.00 164 86 14
-4.05 -63.47 490.00 166 88 16
-3.23 -63.21 488.00 170 93 14
-2.43 -63.21 488.00 172 95 16
-1.62 -62.95 486.00 173 96 17
-0.82 -62.82 485.00 177 100 21
-0.02 -62.82 485.00 179 102 23
0.77 -62.69 484.00 177 100 21
1.57 -62.69 484.00 176 97 16
2.37 -62.69 484.00 175 96 15
3.16 -62.57 483.00 176 97 14
3.95 -62.57 483.00 176 97 14
4.74 -62.57 483.00 176 98 12
5.54 -62.57 483.00 177 99 13
6.33 -62.57 483.00 179 101 11
7.13 -62.57 483.00 177 99 9
7.92 -62.57 483.00 177 99 9
8.72 -62.57 483.00 179 101 11
9.51 -62.57 483.00 182 104 14
10.28 -62.44 482.00 180 102 12
11.08 -62.44 482.00 178 103 14
11.87 -62.44 482.00 180 105 16
12.66 -62.44 482.00 168 99 24
13.43 -62.31 481.00 167 98 23
14.19 -62.18 480.00 164 113 66
14.98 -62.18 480.00 180 129 82
15.77 -62.18 480.00 139 102 57
16.52 -62.05 479.00 128 91 46
17.31 -62.05 479.00 140 96 35
18.10 -62.05 479.00 140 96 35
18.89 -62.05 479.00 157 100 25
19.68 -62.05 479.00 163 106 31
20.46 -62.05 479.00 171 104 19
21.21 -61.92 478.00 178 111 26
21.99 -61.92 478.00 183 113 22
22.78 -61.92 478.00 183 113 22
23.57 -61.92 478.00 181 107 11
24.40 -62.05 479.00 180 106 10
25.19 -62.05 479.00 184 104 10
25.98 -62.05 479.00 184 104 10
26.77 -62.05 479.00 184 104 10
27.61 -62.18 480.00 184 104 10
28.40 -62.18 480.00 185 103 14
29.19 -62.18 480.00 186 104 15
30.04 -62.31 481.00 192 111 26
30.83 -62.31 481.00 189 108 23
31.63 -62.31 481.00 189 110 27
32.48 -62.44 482.00 196 117 34
33.28 -62.44 482.00 193 117 35
34.07 -62.44 482.00 188 112 30
34.94 -62.57 483.00 187 110 31
35.73 -62.57 483.00 187 110 31
36.52 -62.57 483.00 182 105 26
37.32 -62.57 483.00 188 111 32
38.19 -62.69 484.00 183 102 17
38.99 -62.69 484.00 177 96 11
39.87 -62.82 485.00 178 96 9
40.83 -63.08 487.00 177 95 8
41.72 -63.21 488.00 177 95 8
42.52 -63.21 488.00 178 96 9
43.50 -63.47 490.00 176 94 7
44.49 -63.73 492.00 176 94 7
45.30 -63.73 492.00 177 95 8
46.29 -63.99 494.00 176 94 7
47.11 -63.99 494.00 176 94 7
48.02 -64.12 495.00 177 95 8
48.83 -64.12 495.00 177 96 11
49.75 -64.25 496.00 179 98 13
50.77 -64.51 498.00 179 99 23
51.90 -64.90 501.00 182 102 26
52.61 -64.77 500.00 177 109 47
53.44 -64.77 500.00 181 113 51
54.80 -65.41 505.00 176 123 90
55.63 -65.41 505.00 167 114 81
60.26 -69.82 539.00 200 181 168
-13.26 -64.33 503.00 159 116 91
-12.43 -64.33 503.00 141 98 73
-11.56 -64.07 501.00 149 89 47
-10.69 -63.81 499.00 143 83 41
-9.87 -63.81 499.00 147 83 24
-9.02 -63.56 497.00 148 84 25
-8.18 -63.43 496.00 156 84 14
-7.37 -63.43 496.00 156 84 14
-6.52 -63.18 494.00 159 83 10
-5.69 -62.92 492.00 162 86 13
-4.88 -62.92 492.00 165 87 15
-4.05 -62.66 490.00 166 88 16
-3.23 -62.41 488.00 172 95 18
-2.43 -62.41 488.00 172 95 18
-1.62 -62.15 486.00 173 96 17
-0.82 -62.02 485.00 178 101 22
-0.02 -62.02 485.00 181 104 25
0.77 -61.90 484.00 177 100 21
1.57 -61.90 484.00 176 97 16
2.37 -61.90 484.00 175 96 15
3.16 -61.90 484.00 176 97 14
3.95 -61.77 483.00 176 97 14
4.74 -61.77 483.00 177 99 13
5.54 -61.77 483.00 177 99 13
6.33 -61.77 483.00 179 101 13
7.13 -61.77 483.00 176 98 10
7.92 -61.77 483.00 175 97 9
8.72 -61.77 483.00 179 101 13
9.51 -61.77 483.00 181 103 17
10.28 -61.64 482.00 179 101 15
11.08 -61.64 482.00 177 101 17
11.87 -61.64 482.00 177 101 17
12.66 -61.64 482.00 159 93 28
13.43 -61.51 481.00 157 91 26
14.19 -61.38 480.00 153 120 82
14.98 -61.38 480.00 171 138 100
15.77 -61.38 480.00 177 155 120
16.52 -61.26 479.00 130 108 73
17.31 -61.26 479.00 120 86 33
18.10 -61.26 479.00 132 98 45
18.89 -61.26 479.00 150 102 28
19.68 -61.26 479.00 154 106 32
20.46 -61.26 479.00 171 104 19
21.21 -61.13 478.00 175 108 23
21.99 -61.13 478.00 184 111 21
22.78 -61.13 478.00 184 111 21
23.57 -61.13 478.00 181 107 13
24.40 -61.26 479.00 181 107 13
25.19 -61.26 479.00 186 109 16
25.98 -61.26 479.00 187 110 17
26.77 -61.26 479.00 186 109 16
27.61 -61.38 480.00 183 106 13
28.40 -61.38 480.00 185 104 19
29.19 -61.38 480.00 185 104 19
30.04 -61.51 481.00 189 111 25
30.83 -61.51 481.00 187 109 23
31.63 -61.51 481.00 192 116 34
32.48 -61.64 482.00 194 118 36
33.28 -61.64 482.00 190 115 35
34.07 -61.64 482.00 190 115 35
34.94 -61.77 483.00 193 116 37
35.73 -61.77 483.00 186 109 30
36.52 -61.77 483.00 184 107 28
37.32 -61.77 483.00 192 115 36
38.19 -61.90 484.00 186 104 22
38.99 -61.90 484.00 178 96 14
39.87 -62.02 485.00 179 94 8
40.75 -62.15 486.00 179 94 8
41.72 -62.41 488.00 177 95 8
42.52 -62.41 488.00 178 96 9
43.50 -62.66 490.00 176 94 7
44.40 -62.79 491.00 176 94 7
45.21 -62.79 491.00 177 95 8
46.20 -63.05 493.00 176 94 7
47.20 -63.30 495.00 176 94 7
48.02 -63.30 495.00 177 95 8
48.83 -63.30 495.00 177 95 10
49.75 -63.43 496.00 178 96 11
50.77 -63.69 498.00 179 96 19
51.58 -63.69 498.00 182 99 22
52.51 -63.81 499.00 176 105 44
53.44 -63.94 500.00 182 111 50
54.80 -64.58 505.00 175 120 85
55.63 -64.58 505.00 174 119 84
57.13 -65.35 511.00 192 168 154
61.15 -68.93 539.00 194 170 156
-13.24 -63.37 502.00 155 109 82
-12.41 -63.37 502.00 145 99 72
-11.54 -63.12 500.00 148 88 44
-10.67 -62.87 498.00 142 82 38
-9.85 -62.87 498.00 148 81 23
-9.02 -62.74 497.00 149 82 24
-8.17 -62.49 495.00 157 84 12
-7.35 -62.49 495.00 157 84 12
-6.51 -62.23 493.00 161 84 9
-5.69 -62.11 492.00 163 86 11
-4.88 -62.11 492.00 165 88 13
-4.05 -61.86 490.00 167 90 15
-3.24 -61.73 489.00 172 95 18
-2.43 -61.60 488.00 172 95 18
-1.62 -61.48 487.00 175 95 17
-0.82 -61.22 485.00 180 100 22
-0.02 -61.22 485.00 179 102 23
0.77 -61.10 484.00 175 98 19
1.57 -61.10 484.00 176 97 16
2.37 -61.10 484.00 176 97 16
3.16 -61.10 484.00 178 96 14
3.95 -60.97 483.00 181 99 17
4.74 -60.97 483.00 179 98 13
5.54 -60.97 483.00 178 97 12
6.33 -60.97 483.00 178 97 12
7.13 -60.97 483.00 177 96 11
7.92 -60.97 483.00 175 97 11
8.72 -60.97 483.00 176 98 12
9.51 -60.97 483.00 180 101 18
10.28 -60.85 482.00 177 98 15
11.08 -60.85 482.00 173 99 16
11.87 -60.85 482.00 174 100 17
12.64 -60.72 481.00 146 83 26
13.43 -60.72 481.00 148 85 28
14.19 -60.59 480.00 181 154 121
14.98 -60.59 480.00 176 149 116
15.77 -60.59 480.00 178 156 128
16.52 -60.47 479.00 152 130 102
17.31 -60.47 479.00 103 72 29
18.10 -60.47 479.00 132 101 58
18.89 -60.47 479.00 146 102 32
19.68 -60.47 479.00 146 102 32
20.46 -60.47 479.00 171 103 21
21.21 -60.34 478.00 173 105 23
21.99 -60.34 478.00 180 107 15
22.78 -60.34 478.00 181 108 16
23.57 -60.34 478.00 181 107 13
24.40 -60.47 479.00 182 108 14
25.19 -60.47 479.00 188 111 18
25.98 -60.47 479.00 188 111 18
26.77 -60.47 479.00 187 109 19
27.61 -60.59 480.00 187 109 19
28.40 -60.59 480.00 193 114 31
29.19 -60.59 480.00 187 108 25
30.04 -60.72 481.00 189 110 27
30.83 -60.72 481.00 188 109 26
31.63 -60.72 481.00 194 119 39
32.48 -60.85 482.00 193 118 38
33.28 -60.85 482.00 188 113 35
34.07 -60.85 482.00 190 115 37
34.94 -60.97 483.00 202 127 49
35.73 -60.97 483.00 187 112 34
36.52 -60.97 483.00 182 105 26
37.40 -61.10 484.00 212 135 56
38.19 -61.10 484.00 186 104 22
38.99 -61.10 484.00 178 96 14
39.87 -61.22 485.00 177 95 8
40.75 -61.35 486.00 177 95 8
41.72 -61.60 488.00 179 94 8
42.52 -61.60 488.00 179 94 8
43.50 -61.86 490.00 178 93 7
44.40 -61.98 491.00 178 93 7
45.21 -61.98 491.00 177 95 8
46.20 -62.23 493.00 176 94 7
47.20 -62.49 495.00 176 94 7
48.02 -62.49 495.00 177 95 8
48.83 -62.49 495.00 177 95 10
49.85 -62.74 497.00 177 95 10
50.77 -62.87 498.00 178 95 18
51.58 -62.87 498.00 179 96 19
52.51 -62.99 499.00 177 103 41
53.44 -63.12 500.00 184 110 48
54.80 -63.75 505.00 175 119 80
55.63 -63.75 505.00 176 120 81
57.13 -64.51 511.00 175 150 132
-13.24 -62.54 502.00 153 107 78
-12.41 -62.54 502.00 145 99 70
-11.54 -62.29 500.00 146 89 41
-10.67 -62.04 498.00 141 84 36
-9.85 -62.04 498.00 148 82 21
-9.02 -61.92 497.00 149 83 22
-8.17 -61.67 495.00 156 83 11
-7.35 -61.67 495.00 157 84 12
-6.51 -61.42 493.00 161 84 9
-5.69 -61.30 492.00 163 86 11
-4.87 -61.17 491.00 167 87 13
-4.05 -61.05 490.00 169 89 15
-3.25 -61.05 490.00 173 93 17
-2.43 -60.80 488.00 174 94 18
-1.62 -60.67 487.00 182 105 28
-0.82 -60.67 487.00 179 102 25
-0.02 -60.42 485.00 179 102 25
0.77 -60.30 484.00 177 100 23
1.57 -60.30 484.00 175 96 15
2.37 -60.30 484.00 175 96 15
3.16 -60.30 484.00 178 96 14
3.96 -60.30 484.00 181 99 17
4.75 -60.30 484.00 178 96 14
5.55 -60.30 484.00 175 93 11
6.33 -60.18 483.00 177 95 13
7.13 -60.18 483.00 177 95 13
7.92 -60.18 483.00 176 94 12
8.70 -60.05 482.00 176 94 12
9.49 -60.05 482.00 176 97 14
10.28 -60.05 482.00 175 96 13
11.05 -59.93 481.00 174 97 18
11.85 -59.93 481.00 175 98 19
12.64 -59.93 481.00 149 88 35
13.43 -59.93 481.00 135 74 21
14.19 -59.80 480.00 155 123 89
14.98 -59.80 480.00 176 144 110
15.74 -59.68 479.00 153 127 96
16.52 -59.68 479.00 110 84 53
17.31 -59.68 479.00 111 80 39
18.10 -59.68 479.00 123 92 51
18.89 -59.68 479.00 136 93 29
19.68 -59.68 479.00 142 99 35
20.42 -59.55 478.00 168 100 18
21.21 -59.55 478.00 173 105 23
21.99 -59.55 478.00 179 106 14
22.78 -59.55 478.00 180 107 15
23.57 -59.55 478.00 181 107 13
24.35 -59.55 478.00 181 107 13
25.14 -59.55 478.00 187 110 17
25.98 -59.68 479.00 188 111 18
26.77 -59.68 479.00 187 109 19
27.61 -59.80 480.00 189 111 21
28.40 -59.80 480.00 195 116 35
29.19 -59.80 480.00 190 111 30
30.04 -59.93 481.00 187 111 29
30.83 -59.93 481.00 186 110 28
31.63 -59.93 481.00 194 119 41
32.48 -60.05 482.00 193 118 40
33.28 -60.05 482.00 189 117 40
34.07 -60.05 482.00 188 116 39
34.86 -60.05 482.00 190 115 37
35.73 -60.18 483.00 185 110 32
36.52 -60.18 483.00 184 104 26
37.32 -60.18 483.00 191 111 33
38.19 -60.30 484.00 184 101 19
38.99 -60.30 484.00 180 97 15
39.87 -60.42 485.00 179 97 10
40.75 -60.55 486.00 177 95 8
41.72 -60.80 488.00 179 94 8
42.52 -60.80 488.00 179 94 8
43.50 -61.05 490.00 178 93 7
44.40 -61.17 491.00 178 93 7
45.21 -61.17 491.00 179 94 8
46.20 -61.42 493.00 178 93 7
47.11 -61.55 494.00 177 95 8
48.02 -61.67 495.00 176 94 7
48.83 -61.67 495.00 176 94 9
49.75 -61.80 496.00 177 95 10
50.77 -62.04 498.00 177 95 15
51.58 -62.04 498.00 178 96 16
52.51 -62.17 499.00 176 102 37
53.33 -62.17 499.00 183 109 44
54.26 -62.29 500.00 176 118 77
55.08 -62.29 500.00 178 120 79
56.80 -63.29 508.00 174 144 126
58.09 -63.79 512.00 202 172 154
-13.24 -61.72 502.00 152 106 75
-12.41 -61.72 502.00 143 97 66
-11.51 -61.35 499.00 145 86 37
-10.67 -61.22 498.00 142 83 34
-9.85 -61.22 498.00 149 81 19
-9.00 -60.98 496.00 150 82 20
-8.18 -60.98 496.00 156 83 11
-7.35 -60.85 495.00 157 84 12
-6.51 -60.61 493.00 161 84 9
-5.70 -60.61 493.00 163 86 11
-4.87 -60.36 491.00 168 88 14
-4.05 -60.24 490.00 173 93 19
-3.25 -60.24 490.00 171 94 19
-2.43 -59.99 488.00 174 97 22
-1.62 -59.87 487.00 181 105 32
-0.82 -59.87 487.00 180 104 31
-0.02 -59.63 485.00 179 104 26
0.78 -59.63 485.00 177 102 24
1.57 -59.50 484.00 175 95 17
2.37 -59.50 484.00 175 95 17
3.16 -59.50 484.00 174 95 14
3.96 -59.50 484.00 175 96 15
4.75 -59.50 484.00 174 95 14
5.55 -59.50 484.00 168 89 8
6.33 -59.38 483.00 172 93 12
7.13 -59.38 483.00 174 95 14
7.92 -59.38 483.00 175 93 13
8.70 -59.26 482.00 175 93 13
9.49 -59.26 482.00 173 94 13
10.28 -59.26 482.00 174 95 14
11.05 -59.13 481.00 172 97 19
11.85 -59.13 481.00 174 99 21
12.64 -59.13 481.00 153 90 33
13.43 -59.13 481.00 148 85 28
14.19 -59.01 480.00 131 93 53
14.98 -59.01 480.00 126 88 48
15.74 -58.89 479.00 124 92 58
16.52 -58.89 479.00 116 84 50
17.31 -58.89 479.00 114 83 40
18.10 -58.89 479.00 117 86 43
18.89 -58.89 479.00 136 88 26
19.68 -58.89 479.00 143 95 33
20.42 -58.76 478.00 168 100 18
21.21 -58.76 478.00 173 105 23
21.99 -58.76 478.00 177 104 12
22.78 -58.76 478.00 179 106 14
23.57 -58.76 478.00 180 106 12
24.35 -58.76 478.00 179 105 11
25.14 -58.76 478.00 186 106 14
25.98 -58.89 479.00 188 108 16
26.77 -58.89 479.00 187 109 19
27.56 -58.89 479.00 195 117 27
28.34 -58.89 479.00 199 122 43
29.19 -59.01 480.00 198 121 42
30.04 -59.13 481.00 186 111 31
30.83 -59.13 481.00 187 112 32
31.63 -59.13 481.00 193 121 44
32.42 -59.13 481.00 196 124 47
33.21 -59.13 481.00 191 118 46
34.07 -59.26 482.00 188 115 43
34.86 -59.26 482.00 188 110 38
35.73 -59.38 483.00 185 107 35
36.52 -59.38 483.00 186 106 28
37.32 -59.38 483.00 183 103 25
38.19 -59.50 484.00 182 100 20
38.99 -59.50 484.00 181 99 19
39.87 -59.63 485.00 185 103 16
40.75 -59.75 486.00 177 95 8
41.72 -59.99 488.00 178 93 7
42.52 -59.99 488.00 178 93 7
43.50 -60.24 490.00 178 93 7
44.40 -60.36 491.00 178 93 7
45.21 -60.36 491.00 178 93 7
46.20 -60.61 493.00 178 93 7
47.11 -60.73 494.00 177 95 8
48.02 -60.85 495.00 176 94 7
48.83 -60.85 495.00 176 94 9
49.75 -60.98 496.00 176 94 9
50.66 -61.10 497.00 176 94 12
51.48 -61.10 497.00 178 96 14
52.40 -61.22 498.00 176 103 33
53.33 -61.35 499.00 182 109 39
54.26 -61.47 500.00 176 116 74
55.08 -61.47 500.00 182 122 80
56.46 -62.08 505.00 160 126 104
57.75 -62.58 509.00 213 179 157
-13.24 -60.89 502.00 153 105 72
-12.36 -60.64 500.00 142 94 61
-11.49 -60.40 498.00 146 85 34
-10.67 -60.40 498.00 144 83 32
-9.83 -60.28 497.00 149 81 17
-8.98 -60.04 495.00 150 82 18
-8.17 -60.04 495.00 154 81 9
-7.34 -59.92 494.00 158 85 13
-6.50 -59.67 492.00 160 85 9
-5.69 -59.67 492.00 162 87 11
-4.87 -59.55 491.00 166 89 14
-4.04 -59.31 489.00 172 95 20
-3.24 -59.31 489.00 173 95 25
-2.43 -59.19 488.00 178 100 30
-1.62 -58.95 486.00 181 108 38
-0.82 -58.95 486.00 181 108 38
-0.02 -58.83 485.00 176 104 27
0.78 -58.83 485.00 175 103 26
1.57 -58.70 484.00 173 96 17
2.37 -58.70 484.00 172 95 16
3.16 -58.70 484.00 173 93 15
3.96 -58.70 484.00 170 90 12
4.75 -58.70 484.00 169 89 11
5.55 -58.70 484.00 167 87 9
6.33 -58.58 483.00 169 89 11
7.13 -58.58 483.00 174 94 16
7.92 -58.58 483.00 175 92 15
8.70 -58.46 482.00 176 93 16
9.49 -58.46 482.00 175 92 15
10.28 -58.46 482.00 176 93 16
11.05 -58.34 481.00 174 97 20
11.85 -58.34 481.00 175 98 21
12.64 -58.34 481.00 160 92 30
13.40 -58.22 480.00 156 88 26
14.19 -58.22 480.00 139 91 43
14.98 -58.22 480.00 134 86 38
15.74 -58.10 479.00 125 87 47
16.52 -58.10 479.00 125 87 47
17.31 -58.10 479.00 124 88 40
18.10 -58.10 479.00 121 85 37
18.89 -58.10 479.00 142 83 16
19.68 -58.10 479.00 157 98 31
20.42 -57.98 478.00 173 103 19
21.21 -57.98 478.00 174 104 20
21.99 -57.98 478.00 177 104 12
22.78 -57.98 478.00 178 105 13
23.57 -57.98 478.00 179 104 13
24.35 -57.98 478.00 177 102 11
25.14 -57.98 478.00 183 102 13
25.98 -58.10 479.00 185 104 15
26.77 -58.10 479.00 186 105 18
27.56 -58.10 479.00 186 105 18
28.34 -58.10 479.00 202 123 42
29.19 -58.22 480.00 198 119 38
30.04 -58.34 481.00 189 117 36
30.83 -58.34 481.00 192 120 39
31.63 -58.34 481.00 192 120 41
32.42 -58.34 481.00 196 124 45
33.21 -58.34 481.00 191 118 44
34.07 -58.46 482.00 186 113 39
34.86 -58.46 482.00 186 110 37
35.73 -58.58 483.00 187 111 38
36.52 -58.58 483.00 185 108 31
37.32 -58.58 483.00 182 105 28
38.19 -58.70 484.00 181 102 21
38.99 -58.70 484.00 179 100 19
39.87 -58.83 485.00 182 101 16
40.75 -58.95 486.00 176 95 10
41.72 -59.19 488.00 178 93 7
42.52 -59.19 488.00 178 93 7
43.50 -59.43 490.00 177 92 6
44.40 -59.55 491.00 177 92 6
45.21 -59.55 491.00 178 93 7
46.20 -59.80 493.00 178 93 7
47.20 -60.04 495.00 178 93 7
48.02 -60.04 495.00 178 93 7
48.83 -60.04 495.00 175 93 8
49.75 -60.16 496.00 176 94 9
50.66 -60.28 497.00 177 94 12
51.48 -60.28 497.00 178 95 13
52.40 -60.40 498.00 176 100 29
53.33 -60.52 499.00 181 105 34
54.26 -60.64 500.00 175 112 69
55.08 -60.64 500.00 184 121 78
56.46 -61.25 505.00 154 118 95
57.75 -61.74 509.00 210 174 151
-13.21 -59.94 501.00 153 105 70
-12.34 -59.70 499.00 142 94 59
-11.47 -59.46 497.00 146 85 32
-10.65 -59.46 497.00 144 83 30
-9.81 -59.34 496.00 149 81 17
-8.96 -59.10 494.00 149 81 17
-8.15 -59.10 494.00 152 80 8
-7.32 -58.98 493.00 156 84 12
-6.48 -58.74 491.00 157 84 10
-5.68 -58.74 491.00 160 87 13
-4.86 -58.62 490.00 166 90 17
-4.04 -58.50 489.00 172 96 23
-3.24 -58.50 489.00 172 96 27
-2.43 -58.38 488.00 178 102 33
-1.62 -58.15 486.00 180 107 40
-0.82 -58.15 486.00 180 107 40
-0.02 -58.15 486.00 173 101 27
0.78 -58.03 485.00 174 102 28
1.57 -58.03 485.00 173 96 17
2.37 -58.03 485.00 171 94 15
3.16 -57.91 484.00 172 92 14
3.96 -57.91 484.00 168 88 10
4.75 -57.91 484.00 167 87 9
5.55 -57.91 484.00 167 87 9
6.33 -57.79 483.00 170 90 14
7.13 -57.79 483.00 174 94 18
7.92 -57.79 483.00 176 96 18
8.70 -57.67 482.00 177 97 19
9.49 -57.67 482.00 175 95 17
10.26 -57.55 481.00 175 95 17
11.05 -57.55 481.00 174 97 20
11.85 -57.55 481.00 174 97 20
12.64 -57.55 481.00 169 96 24
13.40 -57.43 480.00 165 92 20
14.19 -57.43 480.00 151 88 29
14.98 -57.43 480.00 144 81 22
15.74 -57.31 479.00 137 85 35
16.52 -57.31 479.00 143 91 41
17.31 -57.31 479.00 141 88 32
18.10 -57.31 479.00 140 87 31
18.89 -57.31 479.00 161 92 19
19.68 -57.31 479.00 169 100 27
20.42 -57.19 478.00 175 104 18
21.21 -57.19 478.00 175 104 18
21.99 -57.19 478.00 177 104 14
22.78 -57.19 478.00 180 107 17
23.57 -57.19 478.00 180 105 14
24.35 -57.19 478.00 178 103 12
25.14 -57.19 478.00 180 102 12
25.98 -57.31 479.00 181 103 13
26.77 -57.31 479.00 184 103 14
27.56 -57.31 479.00 183 102 13
28.34 -57.31 479.00 186 105 20
29.19 -57.43 480.00 191 110 25
30.04 -57.55 481.00 194 118 36
30.83 -57.55 481.00 193 117 35
31.63 -57.55 481.00 191 119 38
32.42 -57.55 481.00 195 123 42
33.21 -57.55 481.00 190 114 41
34.07 -57.67 482.00 187 111 38
34.86 -57.67 482.00 187 111 38
35.73 -57.79 483.00 188 112 39
36.52 -57.79 483.00 184 109 33
37.32 -57.79 483.00 181 106 30
38.19 -57.91 484.00 181 104 25
38.99 -57.91 484.00 177 100 21
39.87 -58.03 485.00 181 99 17
40.75 -58.15 486.00 177 95 13
41.63 -58.26 487.00 176 94 7
42.43 -58.26 487.00 176 94 7
43.41 -58.50 489.00 178 93 7
44.40 -58.74 491.00 178 93 7
45.21 -58.74 491.00 177 92 6
46.11 -58.86 492.00 178 93 7
47.11 -59.10 494.00 178 93 7
48.02 -59.22 495.00 178 93 7
48.83 -59.22 495.00 177 92 8
49.75 -59.34 496.00 178 93 9
50.66 -59.46 497.00 176 94 9
51.48 -59.46 497.00 177 95 10
52.40 -59.58 498.00 174 98 25
53.33 -59.70 499.00 181 105 32
54.26 -59.82 500.00 174 112 66
55.08 -59.82 500.00 181 119 73
56.35 -60.30 504.00 159 119 93
57.52 -60.66 507.00 207 167 141
-13.21 -59.11 501.00 156 103 68
-12.34 -58.88 499.00 145 92 57
-11.47 -58.64 497.00 148 84 30
-10.65 -58.64 497.00 145 81 27
-9.81 -58.52 496.00 151 80 17
-8.96 -58.29 494.00 151 80 17
-8.15 -58.29 494.00 153 81 9
-7.32 -58.17 493.00 154 82 10
-6.48 -57.93 491.00 157 84 10
-5.68 -57.93 491.00 160 87 13
-4.86 -57.82 490.00 167 91 20
-4.04 -57.70 489.00 174 98 27
-3.24 -57.70 489.00 172 99 29
-2.43 -57.58 488.00 177 104 34
-1.62 -57.34 486.00 179 105 38
-0.82 -57.34 486.00 175 101 34
-0.02 -57.34 486.00 170 97 23
0.78 -57.23 485.00 172 99 25
1.57 -57.23 485.00 173 96 17
2.37 -57.23 485.00 171 94 15
3.16 -57.11 484.00 169 89 11
3.96 -57.11 484.00 167 87 9
4.75 -57.11 484.00 167 87 9
5.55 -57.11 484.00 167 87 9
6.33 -56.99 483.00 170 90 12
7.13 -56.99 483.00 176 96 18
7.92 -56.99 483.00 181 98 21
8.70 -56.87 482.00 179 96 19
9.49 -56.87 482.00 177 94 17
10.26 -56.75 481.00 177 94 17
11.05 -56.75 481.00 176 96 18
11.85 -56.75 481.00 177 97 19
12.64 -56.75 481.00 174 99 23
13.40 -56.64 480.00 173 98 22
14.19 -56.64 480.00 164 92 22
14.98 -56.64 480.00 162 90 20
15.74 -56.52 479.00 159 93 28
16.52 -56.52 479.00 159 93 28
17.31 -56.52 479.00 157 92 24
18.10 -56.52 479.00 162 97 29
18.89 -56.52 479.00 174 102 23
19.68 -56.52 479.00 177 105 26
20.42 -56.40 478.00 176 105 19
21.21 -56.40 478.00 175 104 18
21.99 -56.40 478.00 178 105 17
22.78 -56.40 478.00 181 108 20
23.57 -56.40 478.00 181 108 18
24.35 -56.40 478.00 181 108 18
25.14 -56.40 478.00 179 104 15
25.98 -56.52 479.00 179 104 15
26.77 -56.52 479.00 182 104 16
27.56 -56.52 479.00 182 104 16
28.34 -56.52 479.00 184 103 16
29.19 -56.64 480.00 189 108 21
29.98 -56.64 480.00 191 110 25
30.77 -56.64 480.00 190 109 24
31.63 -56.75 481.00 184 110 27
32.42 -56.75 481.00 195 121 38
33.21 -56.75 481.00 188 112 41
34.07 -56.87 482.00 187 111 40
34.86 -56.87 482.00 188 112 39
35.66 -56.87 482.00 209 133 60
36.45 -56.87 482.00 188 113 37
37.32 -56.99 483.00 181 106 30
38.19 -57.11 484.00 184 107 28
38.99 -57.11 484.00 178 101 22
39.78 -57.11 484.00 181 99 19
40.75 -57.34 486.00 179 97 17
41.63 -57.46 487.00 177 95 10
42.43 -57.46 487.00 176 94 9
43.41 -57.70 489.00 178 93 7
44.31 -57.82 490.00 178 93 7
45.11 -57.82 490.00 177 92 6
46.11 -58.05 492.00 177 92 6
47.01 -58.17 493.00 178 93 7
47.92 -58.29 494.00 178 93 7
48.73 -58.29 494.00 177 92 8
49.65 -58.41 495.00 177 92 8
50.66 -58.64 497.00 178 93 9
51.48 -58.64 497.00 179 94 10
52.40 -58.76 498.00 175 97 25
53.33 -58.88 499.00 180 102 30
54.26 -59.00 500.00 175 110 63
55.08 -59.00 500.00 182 117 70
56.24 -59.35 503.00 161 119 91
57.29 -59.59 505.00 206 164 136
58.12 -59.59 505.00 185 172 161
-13.16 -58.05 499.00 152 100 62
-12.31 -57.94 498.00 143 91 53
-11.45 -57.71 496.00 148 83 29
-10.63 -57.71 496.00 146 81 27
-9.79 -57.59 495.00 152 82 16
-8.96 -57.47 494.00 152 82 16
-8.15 -57.47 494.00 155 83 11
-7.31 -57.24 492.00 156 84 12
-6.48 -57.12 491.00 157 84 10
-5.68 -57.12 491.00 161 88 14
-4.85 -56.89 489.00 167 91 20
-4.04 -56.77 488.00 177 101 30
-3.23 -56.77 488.00 174 101 31
-2.43 -56.66 487.00 176 103 33
-1.62 -56.54 486.00 178 104 37
-0.82 -56.54 486.00 171 97 30
-0.02 -56.43 485.00 171 95 22
0.78 -56.43 485.00 172 96 23
1.57 -56.43 485.00 173 94 13
2.37 -56.43 485.00 172 93 12
3.16 -56.31 484.00 171 89 9
3.96 -56.31 484.00 169 87 7
4.75 -56.31 484.00 169 87 7
5.55 -56.31 484.00 172 90 10
6.33 -56.19 483.00 174 92 12
7.13 -56.19 483.00 178 96 16
7.91 -56.08 482.00 182 100 20
8.70 -56.08 482.00 181 99 19
9.49 -56.08 482.00 177 95 13
10.26 -55.96 481.00 177 95 13
11.05 -55.96 481.00 179 97 17
11.85 -55.96 481.00 181 99 19
12.64 -55.96 481.00 178 101 22
13.40 -55.84 480.00 175 98 19
14.19 -55.84 480.00 170 94 21
14.98 -55.84 480.00 169 93 20
15.74 -55.73 479.00 178 105 33
16.52 -55.73 479.00 174 101 29
17.31 -55.73 479.00 171 99 25
18.10 -55.73 479.00 171 99 25
18.89 -55.73 479.00 175 103 22
19.68 -55.73 479.00 177 105 24
20.46 -55.73 479.00 179 105 20
21.21 -55.61 478.00 179 105 20
21.99 -55.61 478.00 180 106 21
22.78 -55.61 478.00 183 109 24
23.57 -55.61 478.00 185 112 24
24.35 -55.61 478.00 184 111 23
25.14 -55.61 478.00 181 108 18
25.98 -55.73 479.00 178 105 15
26.77 -55.73 479.00 182 104 16
27.56 -55.73 479.00 181 103 15
28.34 -55.73 479.00 183 102 15
29.19 -55.84 480.00 188 107 20
29.98 -55.84 480.00 190 109 22
30.77 -55.84 480.00 185 104 17
31.63 -55.96 481.00 188 108 30
32.42 -55.96 481.00 197 117 39
33.21 -55.96 481.00 192 119 47
34.07 -56.08 482.00 191 118 46
34.86 -56.08 482.00 190 117 43
35.66 -56.08 482.00 189 116 42
36.45 -56.08 482.00 185 110 34
37.32 -56.19 483.00 181 106 30
38.19 -56.31 484.00 188 108 30
38.99 -56.31 484.00 180 100 22
39.78 -56.31 484.00 181 99 19
40.75 -56.54 486.00 179 97 17
41.63 -56.66 487.00 177 95 10
42.43 -56.66 487.00 176 94 9
43.41 -56.89 489.00 178 93 5
44.31 -57.01 490.00 177 92 4
45.11 -57.01 490.00 177 92 4
46.11 -57.24 492.00 177 92 4
47.01 -57.36 493.00 178 93 5
47.92 -57.47 494.00 177 92 4
48.73 -57.47 494.00 177 92 6
49.65 -57.59 495.00 177 92 6
50.56 -57.71 496.00 177 92 8
51.38 -57.71 496.00 178 93 9
52.40 -57.94 498.00 174 97 22
53.33 -58.05 499.00 179 102 27
54.37 -58.29 501.00 174 110 60
55.19 -58.29 501.00 182 118 68
56.24 -58.52 503.00 165 119 92
57.29 -58.75 505.00 201 155 128
58.12 -58.75 505.00 190 175 165
-13.13 -57.12 498.00 153 99 61
-12.29 -57.00 497.00 145 91 53
-11.45 -56.89 496.00 147 84 27
-10.63 -56.89 496.00 145 82 25
-9.77 -56.66 494.00 152 82 16
-8.94 -56.54 493.00 153 83 17
-8.13 -56.54 493.00 157 84 10
-7.29 -56.31 491.00 160 87 13
-6.47 -56.20 490.00 157 84 10
-5.66 -56.20 490.00 160 87 13
-4.85 -56.08 489.00 167 89 19
-4.04 -55.97 488.00 174 96 26
-3.23 -55.97 488.00 176 100 31
-2.43 -55.86 487.00 178 102 33
-1.62 -55.74 486.00 178 102 33
-0.82 -55.74 486.00 173 97 28
-0.02 -55.63 485.00 173 96 21
0.78 -55.63 485.00 173 96 21
1.57 -55.63 485.00 173 94 13
2.37 -55.51 484.00 172 93 12
3.16 -55.51 484.00 171 89 7
3.95 -55.40 483.00 170 88 6
4.74 -55.40 483.00 171 89 7
5.54 -55.40 483.00 174 92 10
6.33 -55.40 483.00 175 93 11
7.13 -55.40 483.00 178 96 14
7.91 -55.28 482.00 182 100 15
8.70 -55.28 482.00 180 98 13
9.49 -55.28 482.00 178 96 11
10.26 -55.17 481.00 179 97 12
11.05 -55.17 481.00 179 97 15
11.85 -55.17 481.00 181 99 17
12.61 -55.05 480.00 180 101 20
13.40 -55.05 480.00 176 97 16
14.19 -55.05 480.00 171 94 17
14.98 -55.05 480.00 172 95 18
15.74 -54.94 479.00 179 103 30
16.52 -54.94 479.00 176 100 27
17.31 -54.94 479.00 174 102 25
18.10 -54.94 479.00 172 100 23
18.85 -54.82 478.00 177 103 20
19.63 -54.82 478.00 178 104 21
20.42 -54.82 478.00 179 105 20
21.21 -54.82 478.00 181 107 22
21.99 -54.82 478.00 184 110 25
22.78 -54.82 478.00 184 110 25
23.57 -54.82 478.00 184 111 23
24.35 -54.82 478.00 184 111 23
25.14 -54.82 478.00 184 109 20
25.92 -54.82 478.00 180 105 16
26.71 -54.82 478.00 182 104 16
27.56 -54.94 479.00 181 103 15
28.34 -54.94 479.00 183 101 14
29.13 -54.94 479.00 186 104 17
29.98 -55.05 480.00 187 105 18
30.77 -55.05 480.00 185 103 16
31.56 -55.05 480.00 187 107 31
32.42 -55.17 481.00 194 114 38
33.21 -55.17 481.00 193 120 48
34.00 -55.17 481.00 193 120 48
34.86 -55.28 482.00 189 116 42
35.66 -55.28 482.00 186 113 39
36.45 -55.28 482.00 186 109 32
37.32 -55.40 483.00 182 105 28
38.11 -55.40 483.00 184 101 24
38.91 -55.40 483.00 182 99 22
39.78 -55.51 484.00 182 100 20
40.66 -55.63 485.00 179 97 17
41.46 -55.63 485.00 178 96 11
42.35 -55.74 486.00 177 95 10
43.32 -55.97 488.00 178 93 7
44.22 -56.08 489.00 177 92 6
45.02 -56.08 489.00 177 92 4
46.01 -56.31 491.00 177 92 4
46.92 -56.43 492.00 177 92 4
47.82 -56.54 493.00 177 92 4
48.63 -56.54 493.00 177 92 6
49.65 -56.77 495.00 177 92 6
50.56 -56.89 496.00 177 92 8
51.38 -56.89 496.00 178 93 9
52.40 -57.12 498.00 174 97 22
53.33 -57.23 499.00 180 103 28
54.37 -57.46 501.00 175 110 60
55.19 -57.46 501.00 182 117 67
56.46 -57.92 505.00 171 125 98
57.29 -57.92 505.00 181 135 108
58.12 -57.92 505.00 188 173 163
-13.13 -56.30 498.00 153 99 59
-12.29 -56.18 497.00 145 91 51
-11.45 -56.07 496.00 147 84 27
-10.63 -56.07 496.00 145 82 25
-9.77 -55.84 494.00 153 83 17
-8.94 -55.73 493.00 153 83 17
-8.13 -55.73 493.00 158 85 11
-7.29 -55.50 491.00 162 89 15
-6.47 -55.39 490.00 158 85 11
-5.66 -55.39 490.00 160 87 13
-4.85 -55.28 489.00 166 88 18
-4.04 -55.17 488.00 170 92 22
-3.23 -55.17 488.00 178 100 32
-2.43 -55.05 487.00 178 100 32
-1.62 -54.94 486.00 177 101 30
-0.82 -54.94 486.00 173 97 26
-0.02 -54.83 485.00 172 95 20
0.78 -54.83 485.00 173 96 21
1.57 -54.83 485.00 176 94 14
2.37 -54.71 484.00 175 93 13
3.16 -54.71 484.00 173 91 6
3.95 -54.60 483.00 171 89 4
4.74 -54.60 483.00 172 90 5
5.54 -54.60 483.00 175 93 8
6.33 -54.60 483.00 176 94 9
7.13 -54.60 483.00 178 96 11
7.91 -54.49 482.00 179 97 12
8.68 -54.37 481.00 179 97 12
9.47 -54.37 481.00 178 96 11
10.26 -54.37 481.00 179 97 12
11.03 -54.26 480.00 179 98 13
11.82 -54.26 480.00 181 100 15
12.61 -54.26 480.00 179 100 19
13.40 -54.26 480.00 176 97 16
14.19 -54.26 480.00 173 96 17
14.95 -54.15 479.00 175 98 19
15.74 -54.15 479.00 179 104 28
16.52 -54.15 479.00 176 101 25
17.31 -54.15 479.00 176 101 21
18.06 -54.04 478.00 174 99 19
18.85 -54.04 478.00 177 101 17
19.63 -54.04 478.00 178 102 18
20.42 -54.04 478.00 179 105 20
21.21 -54.04 478.00 193 119 34
21.99 -54.04 478.00 186 112 27
22.78 -54.04 478.00 184 110 25
23.57 -54.04 478.00 184 111 23
24.35 -54.04 478.00 183 110 22
25.14 -54.04 478.00 184 106 16
25.92 -54.04 478.00 182 104 14
26.71 -54.04 478.00 184 103 14
27.50 -54.04 478.00 183 102 13
28.34 -54.15 479.00 183 101 12
29.13 -54.15 479.00 185 103 14
29.92 -54.15 479.00 187 105 18
30.71 -54.15 479.00 184 102 15
31.56 -54.26 480.00 184 104 26
32.42 -54.37 481.00 198 118 40
33.21 -54.37 481.00 198 122 49
34.00 -54.37 481.00 190 114 41
34.79 -54.37 481.00 186 113 39
35.66 -54.49 482.00 184 111 37
36.45 -54.49 482.00 191 116 38
37.24 -54.49 482.00 181 106 28
38.11 -54.60 483.00 182 99 22
38.91 -54.60 483.00 182 99 22
39.70 -54.60 483.00 183 101 19
40.58 -54.71 484.00 179 97 15
41.38 -54.71 484.00 178 96 11
42.35 -54.94 486.00 176 94 9
43.24 -55.05 487.00 178 93 5
44.22 -55.28 489.00 177 92 4
45.02 -55.28 489.00 177 92 4
45.92 -55.39 490.00 177 92 4
46.82 -55.50 491.00 177 92 4
47.63 -55.50 491.00 175 90 2
48.63 -55.73 493.00 175 90 2
49.55 -55.84 494.00 177 92 4
50.56 -56.07 496.00 175 93 6
51.38 -56.07 496.00 176 94 7
52.40 -56.30 498.00 174 97 20
53.33 -56.41 499.00 179 102 25
54.37 -56.64 501.00 174 109 57
55.19 -56.64 501.00 181 116 64
56.46 -57.09 505.00 173 124 96
57.29 -57.09 505.00 180 131 103
58.12 -57.09 505.00 190 172 163
-13.08 -55.25 496.00 153 99 59
-12.26 -55.25 496.00 146 92 52
-11.42 -55.14 495.00 146 83 26
-10.61 -55.14 495.00 145 82 25
-9.77 -55.03 494.00 152 82 16
-8.93 -54.81 492.00 153 83 17
-8.12 -54.81 492.00 158 85 11
-7.29 -54.69 491.00 162 89 15
-6.47 -54.58 490.00 158 85 11
-5.66 -54.58 490.00 160 87 13
-4.84 -54.36 488.00 166 88 18
-4.03 -54.25 487.00 168 90 20
-3.23 -54.25 487.00 177 99 29
-2.43 -54.25 487.00 175 97 27
-1.62 -54.14 486.00 177 99 27
-0.82 -54.14 486.00 174 96 24
-0.02 -54.03 485.00 175 95 19
0.78 -54.03 485.00 175 95 19
1.57 -54.03 485.00 177 94 12
2.37 -53.92 484.00 177 94 12
3.16 -53.92 484.00 177 92 8
3.95 -53.80 483.00 174 89 5
4.74 -53.80 483.00 175 90 6
5.54 -53.80 483.00 175 90 6
6.32 -53.69 482.00 178 93 7
7.11 -53.69 482.00 181 96 10
7.91 -53.69 482.00 180 95 9
8.68 -53.58 481.00 180 95 9
9.47 -53.58 481.00 179 94 8
10.26 -53.58 481.00 180 95 9
11.03 -53.47 480.00 179 98 13
11.82 -53.47 480.00 181 100 15
12.61 -53.47 480.00 182 100 18
13.40 -53.47 480.00 179 97 15
14.19 -53.47 480.00 175 95 17
14.95 -53.36 479.00 177 97 19
15.74 -53.36 479.00 179 102 23
16.52 -53.36 479.00 177 100 21
17.31 -53.36 479.00 177 101 19
18.06 -53.25 478.00 175 99 17
18.85 -53.25 478.00 175 99 15
19.63 -53.25 478.00 178 102 18
20.42 -53.25 478.00 181 106 19
21.21 -53.25 478.00 193 118 31
21.99 -53.25 478.00 190 117 29
22.78 -53.25 478.00 184 111 23
23.57 -53.25 478.00 184 109 20
24.35 -53.25 478.00 182 107 18
25.14 -53.25 478.00 183 105 15
25.92 -53.25 478.00 182 104 14
26.71 -53.25 478.00 184 104 12
27.50 -53.25 478.00 184 104 12
28.34 -53.36 479.00 184 103 14
29.13 -53.36 479.00 186 105 16
29.92 -53.36 479.00 191 110 25
30.71 -53.36 479.00 190 109 24
31.56 -53.47 480.00 187 107 29
32.42 -53.58 481.00 190 110 32
33.21 -53.58 481.00 192 115 40
34.00 -53.58 481.00 188 111 36
34.79 -53.58 481.00 187 111 38
35.66 -53.69 482.00 191 115 42
36.45 -53.69 482.00 197 122 46
37.24 -53.69 482.00 180 105 29
38.11 -53.80 483.00 180 100 22
38.91 -53.80 483.00 187 107 29
39.70 -53.80 483.00 183 101 19
40.58 -53.92 484.00 179 97 15
41.38 -53.92 484.00 177 95 8
42.26 -54.03 485.00 176 94 7
43.15 -54.14 486.00 178 93 5
44.13 -54.36 488.00 177 92 4
44.93 -54.36 488.00 177 92 4
45.83 -54.47 489.00 175 90 2
46.82 -54.69 491.00 175 90 2
47.63 -54.69 491.00 175 90 2
48.54 -54.81 492.00 175 90 2
49.55 -55.03 494.00 175 90 2
50.56 -55.25 496.00 175 93 6
51.38 -55.25 496.00 176 94 7
52.40 -55.47 498.00 175 95 19
53.44 -55.70 500.00 181 101 25
54.48 -55.92 502.00 175 107 54
55.30 -55.92 502.00 182 114 61
56.35 -56.14 504.00 173 124 96
57.63 -56.59 508.00 175 126 98
58.47 -56.59 508.00 190 172 163
-13.08 -54.43 496.00 151 99 59
-12.24 -54.32 495.00 145 93 53
-11.40 -54.21 494.00 147 84 27
-10.59 -54.21 494.00 145 82 25
-9.75 -54.10 493.00 152 82 16
-8.91 -53.89 491.00 153 83 17
-8.10 -53.89 491.00 160 87 13
-7.28 -53.78 490.00 162 89 15
-6.46 -53.67 489.00 160 87 13
-5.65 -53.67 489.00 161 88 14
-4.84 -53.56 488.00 167 89 17
-4.03 -53.45 487.00 168 90 18
-3.23 -53.45 487.00 175 97 25
-2.42 -53.34 486.00 173 95 23
-1.62 -53.23 485.00 174 96 24
-0.82 -53.23 485.00 174 96 24
-0.02 -53.23 485.00 176 96 18
0.77 -53.12 484.00 176 96 18
1.57 -53.12 484.00 177 96 11
2.36 -53.01 483.00 176 95 10
3.16 -53.01 483.00 175 93 6
3.95 -53.01 483.00 173 91 4
4.73 -52.90 482.00 177 92 6
5.53 -52.90 482.00 175 90 4
6.32 -52.90 482.00 178 93 7
7.11 -52.90 482.00 181 96 10
7.89 -52.79 481.00 180 95 7
8.68 -52.79 481.00 179 94 6
9.47 -52.79 481.00 178 93 5
10.26 -52.79 481.00 181 96 8
11.03 -52.68 480.00 183 101 12
11.82 -52.68 480.00 183 101 12
12.61 -52.68 480.00 183 101 19
13.37 -52.57 479.00 178 96 14
14.16 -52.57 479.00 177 95 15
14.95 -52.57 479.00 179 97 17
15.74 -52.57 479.00 179 100 19
16.52 -52.57 479.00 177 98 17
17.31 -52.57 479.00 179 100 19
18.06 -52.46 478.00 177 98 17
18.85 -52.46 478.00 177 99 13
19.63 -52.46 478.00 180 102 16
20.42 -52.46 478.00 183 105 15
21.21 -52.46 478.00 188 110 20
21.99 -52.46 478.00 187 112 21
22.78 -52.46 478.00 182 107 16
23.57 -52.46 478.00 183 105 15
24.35 -52.46 478.00 183 105 15
25.14 -52.46 478.00 184 104 12
25.92 -52.46 478.00 184 104 12
26.71 -52.46 478.00 185 105 11
27.50 -52.46 478.00 191 111 17
28.28 -52.46 478.00 191 113 25
29.13 -52.57 479.00 188 110 22
29.92 -52.57 479.00 189 110 29
30.71 -52.57 479.00 189 110 29
31.56 -52.68 480.00 190 110 32
32.35 -52.68 480.00 187 107 29
33.14 -52.68 480.00 187 110 35
34.00 -52.79 481.00 188 111 36
34.79 -52.79 481.00 185 110 34
35.58 -52.79 481.00 191 116 40
36.45 -52.90 482.00 192 117 41
37.24 -52.90 482.00 180 105 29
38.03 -52.90 482.00 181 101 23
38.83 -52.90 482.00 188 108 30
39.70 -53.01 483.00 183 101 19
40.58 -53.12 484.00 178 96 14
41.38 -53.12 484.00 180 95 9
42.26 -53.23 485.00 178 93 7
43.15 -53.34 486.00 178 93 5
44.13 -53.56 488.00 177 92 4
44.93 -53.56 488.00 178 91 4
45.83 -53.67 489.00 176 89 2
46.82 -53.89 491.00 176 89 2
47.63 -53.89 491.00 176 89 2
48.54 -53.99 492.00 176 89 2
49.55 -54.21 494.00 176 89 2
50.56 -54.43 496.00 177 92 6
51.38 -54.43 496.00 178 93 7
52.40 -54.65 498.00 175 95 19
53.44 -54.87 500.00 181 101 25
54.48 -55.09 502.00 172 104 51
55.30 -55.09 502.00 179 111 58
56.35 -55.31 504.00 172 121 94
57.63 -55.75 508.00 175 124 97
58.47 -55.75 508.00 190 172 161
-13.08 -53.62 496.00 153 99 59
-12.24 -53.51 495.00 147 93 53
-11.40 -53.40 494.00 147 84 27
-10.59 -53.40 494.00 145 82 25
-9.75 -53.29 493.00 152 82 16
-8.91 -53.08 491.00 153 83 17
-8.10 -53.08 491.00 160 87 13
-7.28 -52.97 490.00 162 89 15
-6.46 -52.86 489.00 162 86 13
-5.65 -52.86 489.00 163 87 14
-4.84 -52.75 488.00 166 88 16
-4.03 -52.64 487.00 168 90 18
-3.23 -52.64 487.00 172 94 22
-2.42 -52.54 486.00 170 92 20
-1.62 -52.43 485.00 174 93 22
-0.82 -52.43 485.00 176 95 24
-0.02 -52.32 484.00 177 97 21
0.77 -52.32 484.00 179 99 23
1.57 -52.32 484.00 177 98 15
2.36 -52.21 483.00 173 94 11
3.16 -52.21 483.00 176 94 7
3.95 -52.21 483.00 175 93 6
4.73 -52.10 482.00 177 92 6
5.53 -52.10 482.00 175 90 4
6.31 -51.99 481.00 178 93 5
7.10 -51.99 481.00 181 96 8
7.89 -51.99 481.00 180 95 7
8.68 -51.99 481.00 180 95 7
9.47 -51.99 481.00 179 94 6
10.24 -51.89 480.00 182 97 9
11.03 -51.89 480.00 183 101 12
11.82 -51.89 480.00 183 101 12
12.58 -51.78 479.00 184 102 15
13.37 -51.78 479.00 180 98 11
14.16 -51.78 479.00 178 96 14
14.95 -51.78 479.00 179 97 15
15.74 -51.78 479.00 181 99 17
16.52 -51.78 479.00 179 97 15
17.28 -51.67 478.00 181 99 17
18.06 -51.67 478.00 179 97 15
18.85 -51.67 478.00 179 98 11
19.63 -51.67 478.00 181 100 13
20.42 -51.67 478.00 184 104 12
21.16 -51.56 477.00 186 106 14
21.95 -51.56 477.00 186 106 12
22.73 -51.56 477.00 184 104 10
23.52 -51.56 477.00 186 106 14
24.30 -51.56 477.00 185 105 13
25.09 -51.56 477.00 183 103 9
25.87 -51.56 477.00 184 104 10
26.71 -51.67 478.00 186 106 12
27.50 -51.67 478.00 192 112 18
28.28 -51.67 478.00 193 114 31
29.07 -51.67 478.00 193 114 31
29.92 -51.78 479.00 191 111 35
30.71 -51.78 479.00 188 108 32
31.49 -51.78 479.00 189 109 33
32.35 -51.89 480.00 188 108 32
33.14 -51.89 480.00 186 109 32
34.00 -51.99 481.00 186 109 32
34.79 -51.99 481.00 184 107 30
35.58 -51.99 481.00 186 109 32
36.37 -51.99 481.00 190 110 34
37.24 -52.10 482.00 181 101 25
38.03 -52.10 482.00 184 101 24
38.83 -52.10 482.00 188 105 28
39.70 -52.21 483.00 181 100 15
40.58 -52.32 484.00 178 97 12
41.38 -52.32 484.00 180 95 7
42.26 -52.43 485.00 178 93 5
43.15 -52.54 486.00 179 92 5
44.04 -52.64 487.00 178 91 4
44.84 -52.64 487.00 178 91 4
45.73 -52.75 488.00 176 89 2
46.73 -52.97 490.00 176 89 2
47.53 -52.97 490.00 176 89 2
48.44 -53.08 491.00 176 89 2
49.34 -53.18 492.00 176 89 2
50.46 -53.51 495.00 175 90 4
51.27 -53.51 495.00 178 93 7
52.30 -53.72 497.00 172 95 18
53.44 -54.05 500.00 179 102 25
54.48 -54.26 502.00 172 104 51
55.30 -54.26 502.00 179 111 58
56.35 -54.48 504.00 172 121 94
57.41 -54.70 506.00 176 125 98
58.24 -54.70 506.00 190 172 161
-13.05 -52.69 495.00 153 99 59
-12.24 -52.69 495.00 147 93 53
-11.40 -52.59 494.00 148 84 27
-10.59 -52.59 494.00 147 83 26
-9.73 -52.37 492.00 155 82 17
-8.91 -52.27 491.00 154 81 16
-8.10 -52.27 491.00 159 83 12
-7.28 -52.16 490.00 163 87 16
-6.46 -52.05 489.00 160 84 11
-5.65 -52.05 489.00 163 87 14
-4.83 -51.84 487.00 166 88 16
-4.03 -51.84 487.00 168 90 18
-3.23 -51.84 487.00 172 91 20
-2.42 -51.73 486.00 169 88 17
-1.62 -51.63 485.00 170 89 18
-0.82 -51.63 485.00 173 92 21
-0.02 -51.52 484.00 175 95 21
0.77 -51.52 484.00 181 101 27
1.57 -51.52 484.00 180 101 20
2.36 -51.41 483.00 174 95 14
3.16 -51.41 483.00 176 94 9
3.95 -51.41 483.00 176 94 9
4.73 -51.31 482.00 176 94 7
5.53 -51.31 482.00 175 93 6
6.31 -51.20 481.00 178 93 5
7.10 -51.20 481.00 181 96 8
7.89 -51.20 481.00 180 96 5
8.68 -51.20 481.00 179 95 4
9.47 -51.20 481.00 180 96 5
10.24 -51.09 480.00 182 98 7
11.03 -51.09 480.00 183 102 10
11.82 -51.09 480.00 182 101 9
12.58 -50.99 479.00 183 101 12
13.37 -50.99 479.00 179 97 8
14.16 -50.99 479.00 178 96 9
14.95 -50.99 479.00 182 100 13
15.74 -50.99 479.00 181 100 13
16.52 -50.99 479.00 179 98 11
17.28 -50.88 478.00 179 98 11
18.06 -50.88 478.00 179 98 11
18.85 -50.88 478.00 178 97 8
19.63 -50.88 478.00 181 100 11
20.42 -50.88 478.00 183 104 7
21.16 -50.78 477.00 184 105 8
21.95 -50.78 477.00 184 105 8
22.73 -50.78 477.00 184 105 8
23.52 -50.78 477.00 186 106 12
24.30 -50.78 477.00 185 105 11
25.09 -50.78 477.00 185 105 11
25.87 -50.78 477.00 185 105 11
26.71 -50.88 478.00 184 107 14
27.50 -50.88 478.00 190 113 20
28.28 -50.88 478.00 193 114 31
29.07 -50.88 478.00 194 115 32
29.92 -50.99 479.00 195 115 39
30.71 -50.99 479.00 190 110 34
31.49 -50.99 479.00 190 110 36
32.35 -51.09 480.00 191 111 37
33.14 -51.09 480.00 186 109 32
33.93 -51.09 480.00 186 109 32
34.72 -51.09 480.00 184 107 30
35.51 -51.09 480.00 184 107 30
36.37 -51.20 481.00 181 101 23
37.24 -51.31 482.00 179 99 21
38.03 -51.31 482.00 183 101 21
38.83 -51.31 482.00 186 104 24
39.70 -51.41 483.00 180 98 13
40.58 -51.52 484.00 178 96 11
41.38 -51.52 484.00 179 94 6
42.17 -51.52 484.00 178 93 5
43.06 -51.63 485.00 178 91 4
43.95 -51.73 486.00 178 91 4
44.75 -51.73 486.00 178 91 4
45.73 -51.95 488.00 178 91 4
46.63 -52.05 489.00 176 89 2
47.44 -52.05 489.00 175 88 1
48.44 -52.27 491.00 176 89 4
49.34 -52.37 492.00 176 89 4
50.46 -52.69 495.00 175 90 4
51.27 -52.69 495.00 177 92 6
52.30 -52.90 497.00 172 95 18
53.44 -53.22 500.00 179 102 25
54.48 -53.44 502.00 173 105 52
55.30 -53.44 502.00 179 111 58
56.46 -53.76 505.00 165 114 87
57.41 -53.86 506.00 191 140 113
58.24 -53.86 506.00 188 173 163
-13.05 -51.88 495.00 154 98 59
-12.21 -51.77 494.00 148 92 53
-11.40 -51.77 494.00 148 84 27
-10.59 -51.77 494.00 147 83 26
-9.73 -51.56 492.00 155 81 16
-8.91 -51.46 491.00 154 80 15
-8.10 -51.46 491.00 159 81 13
-7.28 -51.35 490.00 161 83 15
-6.46 -51.25 489.00 161 83 11
-5.65 -51.25 489.00 163 85 13
-4.83 -51.04 487.00 165 87 15
-4.03 -51.04 487.00 167 89 17
-3.23 -51.04 487.00 169 88 17
-2.42 -50.93 486.00 168 87 16
-1.62 -50.83 485.00 168 87 16
-0.82 -50.83 485.00 172 91 20
-0.02 -50.72 484.00 174 93 22
0.77 -50.62 483.00 179 98 27
1.57 -50.62 483.00 183 100 23
2.36 -50.62 483.00 181 98 21
3.15 -50.51 482.00 177 96 11
3.94 -50.51 482.00 177 96 11
4.73 -50.51 482.00 176 94 7
5.52 -50.41 481.00 176 94 7
6.31 -50.41 481.00 177 95 6
7.10 -50.41 481.00 178 96 7
7.89 -50.41 481.00 180 96 5
8.66 -50.30 480.00 179 95 4
9.45 -50.30 480.00 180 96 5
10.24 -50.30 480.00 182 98 7
11.03 -50.30 480.00 184 100 9
11.82 -50.30 480.00 182 98 7
12.58 -50.20 479.00 182 97 9
13.37 -50.20 479.00 181 96 8
14.16 -50.20 479.00 178 96 7
14.95 -50.20 479.00 182 100 11
15.74 -50.20 479.00 183 101 12
16.52 -50.20 479.00 185 103 14
17.28 -50.09 478.00 182 101 12
18.06 -50.09 478.00 181 100 11
18.85 -50.09 478.00 179 99 7
19.63 -50.09 478.00 179 99 7
20.38 -49.99 477.00 183 104 7
21.16 -49.99 477.00 184 105 8
21.95 -49.99 477.00 184 105 6
22.73 -49.99 477.00 184 105 6
23.52 -49.99 477.00 187 107 10
24.30 -49.99 477.00 187 107 10
25.09 -49.99 477.00 186 106 12
25.87 -49.99 477.00 185 105 11
26.66 -49.99 477.00 184 106 16
27.44 -49.99 477.00 189 111 21
28.28 -50.09 478.00 190 111 30
29.07 -50.09 478.00 191 112 31
29.86 -50.09 478.00 195 115 41
30.64 -50.09 478.00 191 111 37
31.49 -50.20 479.00 191 111 37
32.35 -50.30 480.00 190 110 36
33.14 -50.30 480.00 185 108 31
33.93 -50.30 480.00 191 114 37
34.72 -50.30 480.00 187 110 33
35.51 -50.30 480.00 180 103 26
36.37 -50.41 481.00 182 100 20
37.24 -50.51 482.00 182 100 20
38.03 -50.51 482.00 183 104 23
38.83 -50.51 482.00 183 104 23
39.70 -50.62 483.00 180 98 11
40.58 -50.72 484.00 177 95 8
41.38 -50.72 484.00 178 93 7
42.17 -50.72 484.00 177 92 6
43.06 -50.83 485.00 179 92 7
43.95 -50.93 486.00 178 91 6
44.75 -50.93 486.00 178 91 4
45.73 -51.14 488.00 176 89 2
46.63 -51.25 489.00 176 89 2
47.44 -51.25 489.00 175 88 1
48.44 -51.46 491.00 175 88 3
49.34 -51.56 492.00 175 88 3
50.46 -51.88 495.00 175 90 4
51.27 -51.88 495.00 177 92 6
52.30 -52.08 497.00 174 94 20
53.44 -52.40 500.00 181 101 27
54.58 -52.71 503.00 171 106 52
55.41 -52.71 503.00 176 111 57
56.46 -52.92 505.00 160 111 85
57.63 -53.24 508.00 207 158 132
58.47 -53.24 508.00 188 173 161
-13.05 -51.06 495.00 156 97 59
-12.21 -50.96 494.00 149 90 52
-11.38 -50.85 493.00 151 84 28
-10.57 -50.85 493.00 150 83 27
-9.73 -50.75 492.00 154 80 15
-8.91 -50.65 491.00 154 80 15
-8.10 -50.65 491.00 157 79 11
-7.28 -50.54 490.00 160 82 14
-6.46 -50.44 489.00 160 82 12
-5.65 -50.44 489.00 163 85 15
-4.83 -50.23 487.00 166 85 14
-4.03 -50.23 487.00 168 87 16
-3.23 -50.23 487.00 168 87 16
-2.42 -50.13 486.00 167 86 15
-1.62 -50.03 485.00 168 87 16
-0.82 -50.03 485.00 170 89 18
-0.02 -49.92 484.00 175 95 21
0.77 -49.82 483.00 177 97 23
1.57 -49.82 483.00 183 100 23
2.36 -49.72 482.00 182 99 22
3.15 -49.72 482.00 179 97 17
3.94 -49.72 482.00 177 95 15
4.73 -49.61 481.00 177 96 11
5.52 -49.61 481.00 176 95 10
6.31 -49.61 481.00 176 94 5
7.10 -49.61 481.00 178 96 7
7.89 -49.61 481.00 179 95 4
8.66 -49.51 480.00 179 95 4
9.45 -49.51 480.00 180 96 5
10.24 -49.51 480.00 182 98 7
11.01 -49.41 479.00 182 98 7
11.80 -49.41 479.00 182 98 7
12.58 -49.41 479.00 182 98 7
13.37 -49.41 479.00 180 96 5
14.16 -49.41 479.00 180 96 5
14.95 -49.41 479.00 182 98 7
15.70 -49.31 478.00 184 103 9
16.49 -49.31 478.00 186 105 11
17.28 -49.31 478.00 184 103 9
18.06 -49.31 478.00 183 102 8
18.85 -49.31 478.00 182 101 7
19.63 -49.31 478.00 182 101 7
20.38 -49.20 477.00 184 104 7
21.16 -49.20 477.00 185 105 8
21.95 -49.20 477.00 184 104 5
22.73 -49.20 477.00 185 105 6
23.52 -49.20 477.00 186 106 7
24.30 -49.20 477.00 186 106 7
25.09 -49.20 477.00 188 108 16
25.87 -49.20 477.00 188 108 16
26.66 -49.20 477.00 186 108 22
27.44 -49.20 477.00 193 115 29
28.22 -49.20 477.00 188 111 32
29.07 -49.31 478.00 188 111 32
29.86 -49.31 478.00 193 116 41
30.64 -49.31 478.00 189 112 37
31.49 -49.41 479.00 189 112 37
32.28 -49.41 479.00 187 110 35
33.07 -49.41 479.00 184 107 30
33.86 -49.41 479.00 192 115 38
34.72 -49.51 480.00 188 111 34
35.51 -49.51 480.00 179 102 25
36.37 -49.61 481.00 179 96 19
37.16 -49.61 481.00 185 102 25
38.03 -49.72 482.00 189 110 27
38.83 -49.72 482.00 183 104 21
39.70 -49.82 483.00 179 97 12
40.50 -49.82 483.00 177 95 10
41.29 -49.82 483.00 178 93 7
42.17 -49.92 484.00 177 92 6
43.06 -50.03 485.00 179 92 7
43.95 -50.13 486.00 178 91 6
44.75 -50.13 486.00 178 91 6
45.64 -50.23 487.00 176 89 4
46.63 -50.44 489.00 176 89 2
47.44 -50.44 489.00 175 88 1
48.34 -50.54 490.00 175 88 3
49.34 -50.75 492.00 175 88 3
50.46 -51.06 495.00 175 90 6
51.27 -51.06 495.00 177 92 8
52.30 -51.27 497.00 174 94 20
53.44 -51.57 500.00 180 100 26
54.58 -51.88 503.00 173 108 54
55.41 -51.88 503.00 177 112 58
56.46 -52.09 505.00 158 111 87
57.63 -52.40 508.00 211 164 140
58.47 -52.40 508.00 185 172 161
-13.05 -50.24 495.00 156 97 59
-12.21 -50.14 494.00 149 90 52
-11.38 -50.04 493.00 150 86 29
-10.57 -50.04 493.00 148 84 27
-9.73 -49.94 492.00 153 78 16
-8.91 -49.84 491.00 154 79 17
-8.10 -49.84 491.00 157 78 13
-7.28 -49.74 490.00 158 79 14
-6.46 -49.63 489.00 159 81 11
-5.65 -49.63 489.00 161 83 13
-4.84 -49.53 488.00 165 84 13
-4.03 -49.43 487.00 165 84 13
-3.23 -49.43 487.00 167 86 15
-2.42 -49.33 486.00 167 86 15
-1.62 -49.23 485.00 167 86 15
-0.82 -49.23 485.00 169 88 17
-0.02 -49.13 484.00 174 91 18
0.77 -49.02 483.00 175 92 19
1.57 -49.02 483.00 179 96 19
2.36 -48.92 482.00 181 98 21
3.15 -48.92 482.00 179 97 17
3.94 -48.92 482.00 177 95 15
4.73 -48.82 481.00 178 96 14
5.52 -48.82 481.00 178 96 14
6.31 -48.82 481.00 176 95 8
7.10 -48.82 481.00 176 95 8
7.89 -48.82 481.00 179 95 4
8.66 -48.72 480.00 179 95 4
9.45 -48.72 480.00 180 94 4
10.24 -48.72 480.00 182 96 6
11.01 -48.62 479.00 182 96 6
11.80 -48.62 479.00 182 96 6
12.58 -48.62 479.00 182 96 6
13.37 -48.62 479.00 181 95 5
14.16 -48.62 479.00 180 96 5
14.95 -48.62 479.00 182 98 7
15.70 -48.52 478.00 184 104 7
16.49 -48.52 478.00 185 105 8
17.28 -48.52 478.00 184 104 7
18.06 -48.52 478.00 186 106 9
18.85 -48.52 478.00 184 104 12
19.63 -48.52 478.00 185 105 13
20.38 -48.42 477.00 185 105 11
21.16 -48.42 477.00 183 103 9
21.95 -48.42 477.00 184 104 5
22.73 -48.42 477.00 185 105 6
23.52 -48.42 477.00 186 106 7
24.30 -48.42 477.00 186 106 7
25.09 -48.42 477.00 191 113 25
25.87 -48.42 477.00 195 117 29
26.66 -48.42 477.00 192 118 35
27.44 -48.42 477.00 192 118 35
28.22 -48.42 477.00 190 115 35
29.01 -48.42 477.00 188 113 33
29.79 -48.42 477.00 191 114 37
30.64 -48.52 478.00 187 110 33
31.43 -48.52 478.00 187 110 33
32.28 -48.62 479.00 185 108 31
33.07 -48.62 479.00 182 105 28
33.86 -48.62 479.00 186 109 32
34.72 -48.72 480.00 186 106 30
35.51 -48.72 480.00 181 101 25
36.37 -48.82 481.00 178 95 18
37.16 -48.82 481.00 186 103 26
38.03 -48.92 482.00 188 106 24
38.83 -48.92 482.00 182 100 18
39.70 -49.02 483.00 178 96 11
40.50 -49.02 483.00 177 95 10
41.29 -49.02 483.00 177 92 6
42.17 -49.13 484.00 175 90 4
43.06 -49.23 485.00 178 91 6
43.86 -49.23 485.00 176 89 4
44.75 -49.33 486.00 176 89 4
45.64 -49.43 487.00 176 89 4
46.63 -49.63 489.00 176 89 2
47.44 -49.63 489.00 175 88 1
48.34 -49.74 490.00 175 88 3
49.34 -49.94 492.00 175 88 3
50.46 -50.24 495.00 175 90 6
51.27 -50.24 495.00 177 92 8
52.30 -50.45 497.00 175 94 23
53.44 -50.75 500.00 180 99 28
54.26 -50.75 500.00 173 108 56
55.41 -51.05 503.00 178 113 61
56.58 -51.36 506.00 151 108 85
57.75 -51.66 509.00 219 176 153
-13.05 -49.43 495.00 156 97 59
-12.21 -49.33 494.00 148 89 51
-11.38 -49.23 493.00 150 85 31
-10.57 -49.23 493.00 148 83 29
-9.73 -49.13 492.00 153 78 18
-8.91 -49.03 491.00 154 79 19
-8.10 -49.03 491.00 156 77 12
-7.28 -48.93 490.00 157 78 13
-6.46 -48.83 489.00 160 79 12
-5.65 -48.83 489.00 161 80 13
-4.83 -48.63 487.00 162 81 10
-4.02 -48.53 486.00 162 81 10
-3.22 -48.53 486.00 168 84 14
-2.42 -48.43 485.00 168 84 14
-1.61 -48.33 484.00 168 85 12
-0.82 -48.33 484.00 169 86 13
-0.02 -48.23 483.00 172 89 16
0.77 -48.23 483.00 172 89 16
1.57 -48.23 483.00 177 94 19
2.36 -48.13 482.00 181 98 23
3.15 -48.13 482.00 178 96 16
3.94 -48.13 482.00 177 95 15
4.73 -48.03 481.00 179 97 15
5.52 -48.03 481.00 178 96 14
6.31 -48.03 481.00 176 95 10
7.10 -48.03 481.00 175 94 9
7.87 -47.93 480.00 178 93 5
8.66 -47.93 480.00 178 93 5
9.45 -47.93 480.00 179 93 3
10.24 -47.93 480.00 180 94 4
11.01 -47.83 479.00 181 95 5
11.80 -47.83 479.00 182 96 6
12.58 -47.83 479.00 181 95 5
13.37 -47.83 479.00 181 95 5
14.16 -47.83 479.00 180 96 3
14.92 -47.73 478.00 181 97 4
15.70 -47.73 478.00 185 102 6
16.49 -47.73 478.00 186 103 7
17.28 -47.73 478.00 185 105 8
18.06 -47.73 478.00 193 113 16
18.85 -47.73 478.00 189 111 23
19.59 -47.63 477.00 189 111 23
20.38 -47.63 477.00 186 109 14
21.16 -47.63 477.00 181 104 9
21.95 -47.63 477.00 183 103 4
22.73 -47.63 477.00 184 104 5
23.52 -47.63 477.00 186 106 9
24.30 -47.63 477.00 189 109 12
25.09 -47.63 477.00 195 116 33
25.87 -47.63 477.00 194 115 32
26.66 -47.63 477.00 191 116 36
27.44 -47.63 477.00 192 117 37
28.22 -47.63 477.00 186 111 33
29.01 -47.63 477.00 184 109 31
29.79 -47.63 477.00 186 106 30
30.64 -47.73 478.00 189 109 33
31.43 -47.73 478.00 187 107 29
32.28 -47.83 479.00 186 106 28
33.07 -47.83 479.00 183 103 25
33.86 -47.83 479.00 183 103 25
34.72 -47.93 480.00 183 103 25
35.51 -47.93 480.00 180 100 22
36.37 -48.03 481.00 178 95 18
37.24 -48.13 482.00 181 98 21
38.03 -48.13 482.00 182 100 20
38.83 -48.13 482.00 179 97 17
39.70 -48.23 483.00 179 96 14
40.50 -48.23 483.00 177 94 12
41.29 -48.23 483.00 177 92 6
42.17 -48.33 484.00 177 92 6
43.06 -48.43 485.00 178 91 6
43.86 -48.43 485.00 176 89 4
44.75 -48.53 486.00 176 89 4
45.64 -48.63 487.00 176 89 4
46.63 -48.83 489.00 175 88 3
47.44 -48.83 489.00 175 88 3
48.34 -48.93 490.00 175 88 3
49.34 -49.13 492.00 175 88 3
50.46 -49.43 495.00 175 90 6
51.27 -49.43 495.00 177 92 8
52.30 -49.63 497.00 173 95 27
53.44 -49.93 500.00 178 100 32
54.26 -49.93 500.00 173 108 63
55.41 -50.23 503.00 174 109 64
56.58 -50.52 506.00 164 128 109
57.75 -50.82 509.00 207 171 152
-13.08 -48.71 496.00 154 98 59
-12.21 -48.51 494.00 146 90 51
-11.38 -48.41 493.00 150 85 33
-10.57 -48.41 493.00 148 83 31
-9.73 -48.32 492.00 153 79 19
-8.91 -48.22 491.00 152 78 18
-8.10 -48.22 491.00 156 77 12
-7.28 -48.12 490.00 156 77 12
-6.46 -48.02 489.00 158 77 10
-5.65 -48.02 489.00 160 79 12
-4.83 -47.82 487.00 163 79 11
-4.02 -47.73 486.00 163 79 11
-3.22 -47.73 486.00 165 81 11
-2.42 -47.63 485.00 167 83 13
-1.61 -47.53 484.00 167 84 11
-0.82 -47.53 484.00 169 86 13
-0.02 -47.43 483.00 171 88 13
0.77 -47.43 483.00 172 89 14
1.57 -47.43 483.00 176 93 18
2.36 -47.33 482.00 178 95 20
3.14 -47.24 481.00 177 94 17
3.93 -47.24 481.00 177 94 17
4.73 -47.24 481.00 181 99 19
5.52 -47.24 481.00 182 100 20
6.31 -47.24 481.00 179 98 13
7.08 -47.14 480.00 176 95 10
7.87 -47.14 480.00 178 93 5
8.66 -47.14 480.00 178 93 5
9.45 -47.14 480.00 179 93 3
10.22 -47.04 479.00 179 93 3
11.01 -47.04 479.00 180 94 4
11.80 -47.04 479.00 182 96 6
12.58 -47.04 479.00 182 96 6
13.34 -46.94 478.00 182 96 6
14.13 -46.94 478.00 182 96 4
14.92 -46.94 478.00 182 96 4
15.70 -46.94 478.00 185 102 6
16.49 -46.94 478.00 186 103 7
17.28 -46.94 478.00 186 105 11
18.06 -46.94 478.00 193 112 18
18.85 -46.94 478.00 189 113 29
19.59 -46.84 477.00 187 111 27
20.38 -46.84 477.00 184 107 14
21.16 -46.84 477.00 181 104 11
21.95 -46.84 477.00 183 103 4
22.73 -46.84 477.00 186 106 7
23.52 -46.84 477.00 189 112 19
24.30 -46.84 477.00 196 119 26
25.09 -46.84 477.00 189 113 31
25.87 -46.84 477.00 188 112 30
26.66 -46.84 477.00 191 116 38
27.44 -46.84 477.00 192 117 39
28.22 -46.84 477.00 181 106 28
29.01 -46.84 477.00 181 106 28
29.79 -46.84 477.00 186 106 28
30.64 -46.94 478.00 188 108 30
31.43 -46.94 478.00 186 106 28
32.28 -47.04 479.00 184 104 26
33.07 -47.04 479.00 184 104 26
33.86 -47.04 479.00 183 103 25
34.72 -47.14 480.00 182 102 24
35.51 -47.14 480.00 180 100 22
36.37 -47.24 481.00 178 95 18
37.24 -47.33 482.00 181 98 21
38.03 -47.33 482.00 179 96 19
38.83 -47.33 482.00 178 95 18
39.70 -47.43 483.00 179 96 14
40.50 -47.43 483.00 177 94 12
41.29 -47.43 483.00 177 92 8
42.17 -47.53 484.00 177 92 8
43.06 -47.63 485.00 177 92 6
43.86 -47.63 485.00 175 90 4
44.75 -47.73 486.00 176 89 4
45.64 -47.82 487.00 175 88 3
46.54 -47.92 488.00 175 88 3
47.34 -47.92 488.00 175 88 3
48.34 -48.12 490.00 175 88 3
49.34 -48.32 492.00 176 89 4
50.46 -48.61 495.00 175 90 6
51.27 -48.61 495.00 178 93 9
52.30 -48.81 497.00 173 96 32
53.44 -49.10 500.00 178 101 37
54.26 -49.10 500.00 173 109 73
55.41 -49.40 503.00 171 107 71
56.69 -49.79 507.00 184 150 138
57.86 -50.08 510.00 203 169 157
-13.08 -47.89 496.00 155 98 64
-12.24 -47.79 495.00 147 90 56
-11.38 -47.60 493.00 149 85 35
-10.57 -47.60 493.00 147 83 33
-9.73 -47.50 492.00 151 80 19
-8.93 -47.50 492.00 150 79 18
-8.12 -47.50 492.00 155 78 12
-7.29 -47.41 491.00 153 76 10
-6.46 -47.21 489.00 158 77 8
-5.65 -47.21 489.00 159 78 9
-4.84 -47.12 488.00 160 79 10
-4.03 -47.02 487.00 160 79 10
-3.23 -47.02 487.00 161 80 9
-2.42 -46.92 486.00 163 82 11
-1.61 -46.73 484.00 163 83 9
-0.82 -46.73 484.00 166 86 12
-0.02 -46.73 484.00 169 86 11
0.77 -46.64 483.00 171 88 13
1.57 -46.64 483.00 175 92 17
2.36 -46.54 482.00 176 93 18
3.14 -46.44 481.00 175 92 17
3.93 -46.44 481.00 176 93 18
4.73 -46.44 481.00 180 100 22
5.52 -46.44 481.00 182 102 24
6.31 -46.44 481.00 179 100 17
7.08 -46.35 480.00 174 95 12
7.87 -46.35 480.00 178 93 5
8.66 -46.35 480.00 178 93 5
9.45 -46.35 480.00 179 92 5
10.22 -46.25 479.00 178 91 4
11.01 -46.25 479.00 180 93 6
11.80 -46.25 479.00 183 96 9
12.56 -46.15 478.00 182 96 6
13.34 -46.15 478.00 183 97 7
14.13 -46.15 478.00 183 97 5
14.92 -46.15 478.00 182 96 4
15.70 -46.15 478.00 184 101 5
16.49 -46.15 478.00 186 103 7
17.28 -46.15 478.00 187 105 16
18.02 -46.06 477.00 210 128 39
18.81 -46.06 477.00 186 111 33
19.59 -46.06 477.00 187 112 34
20.38 -46.06 477.00 183 105 17
21.16 -46.06 477.00 180 102 14
21.95 -46.06 477.00 183 103 6
22.73 -46.06 477.00 194 114 17
23.52 -46.06 477.00 201 123 37
24.30 -46.06 477.00 197 119 33
25.09 -46.06 477.00 188 114 31
25.87 -46.06 477.00 187 113 30
26.66 -46.06 477.00 190 115 37
27.44 -46.06 477.00 191 116 38
28.22 -46.06 477.00 181 106 28
29.07 -46.15 478.00 181 106 28
29.86 -46.15 478.00 184 104 26
30.64 -46.15 478.00 187 107 29
31.43 -46.15 478.00 186 106 28
32.28 -46.25 479.00 187 107 29
33.07 -46.25 479.00 185 108 29
33.86 -46.25 479.00 179 102 23
34.72 -46.35 480.00 181 101 23
35.51 -46.35 480.00 180 100 22
36.37 -46.44 481.00 178 95 18
37.24 -46.54 482.00 179 96 19
38.03 -46.54 482.00 182 99 22
38.83 -46.54 482.00 177 94 17
39.70 -46.64 483.00 178 95 15
40.58 -46.73 484.00 177 94 14
41.38 -46.73 484.00 176 93 11
42.17 -46.73 484.00 175 92 10
43.06 -46.83 485.00 175 90 6
43.86 -46.83 485.00 175 90 6
44.75 -46.92 486.00 174 89 5
45.64 -47.02 487.00 174 89 5
46.54 -47.12 488.00 174 87 4
47.34 -47.12 488.00 175 88 5
48.34 -47.31 490.00 174 89 5
49.34 -47.50 492.00 174 89 5
50.46 -47.79 495.00 175 89 8
51.27 -47.79 495.00 178 92 11
52.40 -48.08 498.00 174 99 39
53.44 -48.28 500.00 178 103 43
54.26 -48.28 500.00 172 112 79
55.52 -48.66 504.00 163 103 70
56.69 -48.95 507.00 195 169 158
57.86 -49.24 510.00 193 167 156
-13.08 -47.07 496.00 152 99 66
-12.24 -46.98 495.00 148 95 62
-11.38 -46.79 493.00 147 88 39
-10.57 -46.79 493.00 144 85 36
-9.73 -46.69 492.00 150 82 22
-8.93 -46.69 492.00 148 80 20
-8.12 -46.69 492.00 153 76 10
-7.29 -46.60 491.00 153 76 10
-6.46 -46.41 489.00 159 78 9
-5.65 -46.41 489.00 159 78 9
-4.84 -46.31 488.00 159 78 9
-4.03 -46.22 487.00 159 78 9
-3.23 -46.22 487.00 160 79 8
-2.42 -46.12 486.00 161 80 9
-1.61 -45.93 484.00 162 82 8
-0.82 -45.93 484.00 165 85 11
-0.02 -45.93 484.00 168 85 10
0.77 -45.84 483.00 169 86 11
1.57 -45.84 483.00 174 91 16
2.36 -45.74 482.00 175 92 17
3.14 -45.65 481.00 174 91 16
3.93 -45.65 481.00 175 92 17
4.73 -45.65 481.00 181 101 25
5.52 -45.65 481.00 182 102 26
6.31 -45.65 481.00 179 100 17
7.08 -45.55 480.00 174 95 12
7.87 -45.55 480.00 178 96 9
8.64 -45.46 479.00 176 94 7
9.43 -45.46 479.00 178 93 7
10.22 -45.46 479.00 179 94 8
10.99 -45.36 478.00 181 96 10
11.77 -45.36 478.00 182 97 11
12.56 -45.36 478.00 181 97 6
13.34 -45.36 478.00 182 98 7
14.13 -45.36 478.00 182 98 5
14.92 -45.36 478.00 181 97 4
15.70 -45.36 478.00 184 101 5
16.49 -45.36 478.00 186 103 7
17.28 -45.36 478.00 187 105 16
18.02 -45.27 477.00 213 131 42
18.81 -45.27 477.00 212 137 59
19.59 -45.27 477.00 192 117 39
20.38 -45.27 477.00 183 104 21
21.16 -45.27 477.00 181 102 19
21.95 -45.27 477.00 183 102 10
22.73 -45.27 477.00 186 105 13
23.52 -45.27 477.00 190 109 22
24.30 -45.27 477.00 189 108 21
25.09 -45.27 477.00 188 112 28
25.87 -45.27 477.00 188 112 28
26.66 -45.27 477.00 191 116 36
27.44 -45.27 477.00 188 113 33
28.22 -45.27 477.00 187 112 32
29.07 -45.36 478.00 186 111 31
29.86 -45.36 478.00 182 106 24
30.64 -45.36 478.00 184 108 26
31.43 -45.36 478.00 186 107 26
32.28 -45.46 479.00 189 110 29
33.07 -45.46 479.00 184 107 28
33.93 -45.55 480.00 177 100 21
34.79 -45.65 481.00 183 100 23
35.58 -45.65 481.00 181 98 21
36.37 -45.65 481.00 177 94 17
37.24 -45.74 482.00 179 96 19
38.11 -45.84 483.00 182 98 21
38.91 -45.84 483.00 178 94 17
39.70 -45.84 483.00 177 94 14
40.58 -45.93 484.00 177 94 14
41.38 -45.93 484.00 177 94 12
42.17 -45.93 484.00 175 92 10
43.06 -46.03 485.00 175 90 6
43.86 -46.03 485.00 174 89 5
44.75 -46.12 486.00 174 89 5
45.64 -46.22 487.00 173 88 4
46.54 -46.31 488.00 173 88 4
47.34 -46.31 488.00 174 89 5
48.34 -46.50 490.00 174 89 5
49.34 -46.69 492.00 174 89 5
50.15 -46.69 492.00 172 90 10
51.27 -46.98 495.00 176 94 14
52.40 -47.26 498.00 174 99 44
53.44 -47.45 500.00 181 106 51
54.26 -47.45 500.00 168 113 82
55.52 -47.83 504.00 169 114 83
56.58 -48.02 506.00 197 175 167
-13.08 -46.25 496.00 153 103 69
-12.24 -46.16 495.00 148 98 64
-11.38 -45.97 493.00 149 90 43
-10.57 -45.97 493.00 148 89 42
-9.73 -45.88 492.00 150 82 22
-8.93 -45.88 492.00 148 80 20
-8.12 -45.88 492.00 154 75 12
-7.29 -45.79 491.00 154 75 12
-6.46 -45.60 489.00 159 78 9
-5.65 -45.60 489.00 159 78 9
-4.84 -45.51 488.00 158 77 8
-4.03 -45.42 487.00 158 77 8
-3.23 -45.42 487.00 158 77 6
-2.42 -45.32 486.00 159 78 7
-1.61 -45.14 484.00 162 82 6
-0.82 -45.14 484.00 165 85 9
-0.02 -45.14 484.00 165 85 9
0.77 -45.04 483.00 167 87 11
1.57 -45.04 483.00 170 90 14
2.36 -44.95 482.00 173 93 17
3.15 -44.95 482.00 173 93 17
3.94 -44.95 482.00 173 93 17
4.73 -44.86 481.00 178 101 24
5.52 -44.86 481.00 175 98 21
6.31 -44.86 481.00 179 99 21
7.08 -44.76 480.00 176 96 18
7.86 -44.67 479.00 178 97 12
8.64 -44.67 479.00 176 95 10
9.43 -44.67 479.00 178 93 9
10.22 -44.67 479.00 182 97 13
10.99 -44.58 478.00 184 99 15
11.77 -44.58 478.00 181 96 12
12.56 -44.58 478.00 182 97 9
13.34 -44.58 478.00 182 97 9
14.13 -44.58 478.00 182 98 7
14.92 -44.58 478.00 181 97 6
15.67 -44.48 477.00 184 101 5
16.46 -44.48 477.00 185 102 6
17.24 -44.48 477.00 183 102 10
18.02 -44.48 477.00 190 109 17
18.81 -44.48 477.00 190 111 30
19.59 -44.48 477.00 188 109 28
20.38 -44.48 477.00 185 103 23
21.16 -44.48 477.00 184 102 22
21.95 -44.48 477.00 183 101 12
22.73 -44.48 477.00 184 102 13
23.52 -44.48 477.00 186 104 15
24.30 -44.48 477.00 186 104 15
25.09 -44.48 477.00 189 108 21
25.87 -44.48 477.00 188 107 20
26.66 -44.48 477.00 187 111 27
27.44 -44.48 477.00 187 111 27
28.22 -44.48 477.00 188 114 31
29.07 -44.58 478.00 190 116 33
29.86 -44.58 478.00 183 103 25
30.64 -44.58 478.00 184 104 26
31.43 -44.58 478.00 186 106 28
32.28 -44.67 479.00 188 108 30
33.07 -44.67 479.00 183 103 25
33.93 -44.76 480.00 179 99 21
34.79 -44.86 481.00 181 98 21
35.58 -44.86 481.00 179 96 19
36.37 -44.86 481.00 176 93 16
37.24 -44.95 482.00 178 95 18
38.11 -45.04 483.00 180 96 19
38.91 -45.04 483.00 177 93 16
39.70 -45.04 483.00 177 94 14
40.58 -45.14 484.00 176 93 13
41.38 -45.14 484.00 177 94 12
42.17 -45.14 484.00 175 92 10
43.06 -45.23 485.00 175 90 6
43.86 -45.23 485.00 174 89 5
44.75 -45.32 486.00 174 89 5
45.64 -45.42 487.00 173 88 4
46.63 -45.60 489.00 173 88 4
47.44 -45.60 489.00 173 88 4
48.34 -45.70 490.00 173 88 4
49.34 -45.88 492.00 174 89 5
50.15 -45.88 492.00 172 89 12
51.27 -46.16 495.00 176 93 16
52.40 -46.44 498.00 173 100 49
53.54 -46.72 501.00 183 110 59
54.37 -46.72 501.00 161 111 88
55.52 -47.00 504.00 191 141 118
56.58 -47.19 506.00 193 174 168
-13.08 -45.44 496.00 153 104 74
-12.24 -45.35 495.00 147 98 68
-11.38 -45.16 493.00 150 91 44
-10.57 -45.16 493.00 148 89 42
-9.73 -45.07 492.00 150 83 25
-8.93 -45.07 492.00 147 80 22
-8.12 -45.07 492.00 151 77 12
-7.29 -44.98 491.00 153 79 14
-6.46 -44.80 489.00 156 78 10
-5.65 -44.80 489.00 156 78 10
-4.84 -44.70 488.00 156 78 8
-4.03 -44.61 487.00 153 75 5
-3.23 -44.61 487.00 156 78 8
-2.42 -44.52 486.00 157 79 9
-1.62 -44.43 485.00 162 82 6
-0.82 -44.43 485.00 165 85 9
-0.02 -44.34 484.00 165 85 9
0.77 -44.25 483.00 167 87 11
1.57 -44.25 483.00 169 89 13
2.36 -44.15 482.00 173 93 17
3.15 -44.15 482.00 171 94 17
3.94 -44.15 482.00 173 96 19
4.73 -44.06 481.00 175 98 21
5.52 -44.06 481.00 173 96 19
6.31 -44.06 481.00 178 101 24
7.08 -43.97 480.00 178 101 24
7.86 -43.88 479.00 178 96 14
8.64 -43.88 479.00 175 93 11
9.43 -43.88 479.00 179 93 12
10.20 -43.79 478.00 182 96 15
10.99 -43.79 478.00 182 96 15
11.77 -43.79 478.00 181 95 14
12.56 -43.79 478.00 182 97 11
13.34 -43.79 478.00 184 99 13
14.13 -43.79 478.00 184 99 11
14.89 -43.70 477.00 182 97 9
15.67 -43.70 477.00 182 98 5
16.46 -43.70 477.00 182 98 5
17.24 -43.70 477.00 182 98 5
18.02 -43.70 477.00 186 102 9
18.81 -43.70 477.00 185 103 16
19.59 -43.70 477.00 185 103 16
20.38 -43.70 477.00 185 102 20
21.16 -43.70 477.00 184 101 19
21.95 -43.70 477.00 182 100 13
22.73 -43.70 477.00 182 100 13
23.52 -43.70 477.00 184 102 13
24.30 -43.70 477.00 183 101 12
25.09 -43.70 477.00 185 103 14
25.87 -43.70 477.00 185 103 14
26.66 -43.70 477.00 185 110 23
27.44 -43.70 477.00 186 111 24
28.28 -43.79 478.00 184 108 26
29.07 -43.79 478.00 186 110 28
29.86 -43.79 478.00 181 105 23
30.71 -43.88 479.00 181 105 23
31.49 -43.88 479.00 185 103 23
32.28 -43.88 479.00 188 106 26
33.07 -43.88 479.00 183 101 21
33.93 -43.97 480.00 179 97 17
34.79 -44.06 481.00 180 96 19
35.58 -44.06 481.00 178 94 17
36.45 -44.15 482.00 176 92 15
37.24 -44.15 482.00 178 94 17
38.11 -44.25 483.00 179 95 18
38.91 -44.25 483.00 177 93 16
39.70 -44.25 483.00 176 93 13
40.58 -44.34 484.00 176 93 13
41.38 -44.34 484.00 176 93 11
42.26 -44.43 485.00 173 90 8
43.06 -44.43 485.00 174 88 7
43.86 -44.43 485.00 173 87 6
44.75 -44.52 486.00 173 88 4
45.64 -44.61 487.00 173 88 4
46.63 -44.80 489.00 173 88 4
47.44 -44.80 489.00 173 88 4
48.34 -44.89 490.00 171 89 4
49.34 -45.07 492.00 172 90 5
50.15 -45.07 492.00 170 90 16
51.27 -45.35 495.00 175 95 21
52.40 -45.62 498.00 174 108 61
53.54 -45.89 501.00 181 115 68
54.37 -45.89 501.00 155 111 93
55.52 -46.17 504.00 211 167 149
-13.08 -44.62 496.00 152 106 77
-12.24 -44.53 495.00 147 101 72
-11.38 -44.35 493.00 150 90 46
-10.57 -44.35 493.00 148 88 44
-9.73 -44.26 492.00 151 84 26
-8.91 -44.17 491.00 148 81 23
-8.10 -44.17 491.00 152 78 18
-7.29 -44.17 491.00 152 78 18
-6.46 -43.99 489.00 153 76 10
-5.65 -43.99 489.00 153 76 10
-4.84 -43.90 488.00 154 76 8
-4.03 -43.81 487.00 153 75 7
-3.23 -43.81 487.00 156 78 8
-2.42 -43.72 486.00 157 79 9
-1.62 -43.63 485.00 160 83 8
-0.82 -43.63 485.00 161 84 9
-0.02 -43.54 484.00 165 85 9
0.77 -43.45 483.00 165 85 9
1.57 -43.45 483.00 166 86 10
2.36 -43.36 482.00 170 90 14
3.15 -43.36 482.00 171 94 17
3.94 -43.36 482.00 173 96 19
4.73 -43.27 481.00 174 97 20
5.52 -43.27 481.00 173 96 19
6.31 -43.27 481.00 178 101 24
7.08 -43.18 480.00 178 101 24
7.86 -43.09 479.00 177 95 15
8.64 -43.09 479.00 174 92 12
9.43 -43.09 479.00 175 89 10
10.20 -43.00 478.00 180 94 15
10.99 -43.00 478.00 189 105 28
11.77 -43.00 478.00 183 99 22
12.56 -43.00 478.00 179 97 12
13.34 -43.00 478.00 180 98 13
14.13 -43.00 478.00 182 100 13
14.89 -42.91 477.00 180 98 11
15.67 -42.91 477.00 181 97 6
16.46 -42.91 477.00 181 97 6
17.24 -42.91 477.00 181 97 4
18.02 -42.91 477.00 182 98 5
18.81 -42.91 477.00 184 100 9
19.59 -42.91 477.00 185 101 10
20.38 -42.91 477.00 183 101 16
21.16 -42.91 477.00 180 98 13
21.95 -42.91 477.00 181 96 10
22.73 -42.91 477.00 182 97 11
23.52 -42.91 477.00 184 99 11
24.30 -42.91 477.00 184 99 11
25.09 -42.91 477.00 182 100 11
25.92 -43.00 478.00 183 101 12
26.71 -43.00 478.00 184 106 20
27.50 -43.00 478.00 186 108 22
28.28 -43.00 478.00 185 109 27
29.13 -43.09 479.00 184 108 26
29.92 -43.09 479.00 182 103 22
30.71 -43.09 479.00 181 102 21
31.56 -43.18 480.00 182 100 20
32.35 -43.18 480.00 182 100 20
33.14 -43.18 480.00 180 97 17
34.00 -43.27 481.00 179 96 16
34.79 -43.27 481.00 180 97 17
35.58 -43.27 481.00 178 95 15
36.45 -43.36 482.00 176 93 13
37.32 -43.45 483.00 177 94 14
38.11 -43.45 483.00 178 95 15
38.91 -43.45 483.00 177 94 14
39.78 -43.54 484.00 176 93 13
40.58 -43.54 484.00 175 92 12
41.38 -43.54 484.00 173 90 8
42.26 -43.63 485.00 172 89 7
43.06 -43.63 485.00 174 88 7
43.86 -43.63 485.00 173 87 6
44.75 -43.72 486.00 173 87 6
45.64 -43.81 487.00 172 86 5
46.63 -43.99 489.00 172 86 5
47.44 -43.99 489.00 172 86 5
48.44 -44.17 491.00 171 88 6
49.34 -44.26 492.00 173 90 8
50.15 -44.26 492.00 170 92 22
51.27 -44.53 495.00 178 100 30
52.40 -44.80 498.00 174 111 70
53.54 -45.07 501.00 179 116 75
54.37 -45.07 501.00 155 115 100
55.63 -45.43 505.00 209 169 154
-13.10 -43.89 497.00 148 106 78
-12.24 -43.71 495.00 145 103 75
-11.38 -43.54 493.00 151 93 48
-10.57 -43.54 493.00 148 90 45
-9.73 -43.45 492.00 151 84 28
-8.91 -43.36 491.00 148 81 25
-8.10 -43.36 491.00 148 77 16
-7.29 -43.36 491.00 151 80 19
-6.46 -43.18 489.00 151 77 12
-5.65 -43.18 489.00 151 77 12
-4.84 -43.09 488.00 153 76 10
-4.03 -43.01 487.00 151 74 8
-3.23 -43.01 487.00 154 76 6
-2.43 -43.01 487.00 157 79 9
-1.62 -42.83 485.00 161 81 7
-0.82 -42.83 485.00 162 82 8
-0.02 -42.74 484.00 163 83 7
0.77 -42.65 483.00 163 83 7
1.57 -42.65 483.00 167 84 9
2.36 -42.56 482.00 170 87 12
3.15 -42.56 482.00 173 93 17
3.94 -42.56 482.00 174 94 18
4.73 -42.48 481.00 172 92 16
5.52 -42.48 481.00 175 95 19
6.31 -42.48 481.00 177 97 21
7.08 -42.39 480.00 177 97 21
7.86 -42.30 479.00 176 93 13
8.64 -42.30 479.00 173 90 10
9.43 -42.30 479.00 174 88 9
10.20 -42.21 478.00 178 92 13
10.99 -42.21 478.00 198 115 40
11.77 -42.21 478.00 186 103 28
12.56 -42.21 478.00 178 95 18
13.32 -42.12 477.00 178 95 18
14.10 -42.12 477.00 182 100 15
14.89 -42.12 477.00 179 97 12
15.67 -42.12 477.00 178 97 5
16.46 -42.12 477.00 178 97 5
17.24 -42.12 477.00 182 98 7
18.02 -42.12 477.00 184 100 9
18.81 -42.12 477.00 181 96 8
19.59 -42.12 477.00 184 99 11
20.38 -42.12 477.00 180 98 13
21.16 -42.12 477.00 177 95 10
21.95 -42.12 477.00 181 94 9
22.73 -42.12 477.00 181 94 9
23.52 -42.12 477.00 182 95 8
24.30 -42.12 477.00 182 95 8
25.09 -42.12 477.00 182 97 9
25.92 -42.21 478.00 185 100 12
26.71 -42.21 478.00 184 102 15
27.50 -42.21 478.00 184 102 15
28.28 -42.21 478.00 184 102 20
29.13 -42.30 479.00 185 103 21
29.92 -42.30 479.00 183 101 21
30.71 -42.30 479.00 183 101 21
31.56 -42.39 480.00 183 101 21
32.35 -42.39 480.00 179 97 17
33.14 -42.39 480.00 180 94 15
34.00 -42.48 481.00 181 95 16
34.79 -42.48 481.00 180 97 17
35.58 -42.48 481.00 177 94 14
36.52 -42.65 483.00 175 92 12
37.32 -42.65 483.00 177 94 14
38.19 -42.74 484.00 178 95 15
38.99 -42.74 484.00 177 94 14
39.78 -42.74 484.00 175 92 12
40.58 -42.74 484.00 173 90 10
41.38 -42.74 484.00 172 89 9
42.26 -42.83 485.00 172 89 9
43.15 -42.92 486.00 174 88 9
43.95 -42.92 486.00 173 87 8
44.75 -42.92 486.00 173 87 8
45.73 -43.09 488.00 172 86 7
46.63 -43.18 489.00 172 86 7
47.44 -43.18 489.00 172 86 7
48.44 -43.36 491.00 171 88 8
49.34 -43.45 492.00 173 90 10
50.15 -43.45 492.00 170 92 31
51.27 -43.71 495.00 179 101 40
52.40 -43.98 498.00 173 112 77
53.54 -44.24 501.00 180 119 84
54.37 -44.24 501.00 163 130 115
55.63 -44.60 505.00 201 168 153
-13.16 -43.24 499.00 146 108 81
-12.26 -42.98 496.00 145 107 80
-11.40 -42.81 494.00 153 95 54
-10.59 -42.81 494.00 149 91 50
-9.73 -42.64 492.00 149 85 28
-8.93 -42.64 492.00 145 81 24
-8.12 -42.64 492.00 148 77 18
-7.29 -42.55 491.00 151 80 21
-6.47 -42.46 490.00 150 76 14
-5.66 -42.46 490.00 150 76 14
-4.85 -42.38 489.00 153 77 8
-4.03 -42.20 487.00 151 75 6
-3.23 -42.20 487.00 154 76 8
-2.43 -42.20 487.00 157 79 11
-1.62 -42.03 485.00 161 80 9
-0.82 -42.03 485.00 161 80 9
-0.02 -41.94 484.00 163 83 9
0.77 -41.86 483.00 162 82 8
1.57 -41.86 483.00 165 82 7
2.36 -41.86 483.00 168 85 10
3.15 -41.77 482.00 172 89 14
3.94 -41.77 482.00 174 91 16
4.73 -41.68 481.00 171 88 13
5.52 -41.68 481.00 175 92 17
6.31 -41.68 481.00 179 99 23
7.08 -41.60 480.00 177 97 21
7.86 -41.51 479.00 176 92 15
8.64 -41.51 479.00 173 89 12
9.43 -41.51 479.00 174 87 11
10.20 -41.42 478.00 178 91 15
10.99 -41.42 478.00 182 99 24
11.77 -41.42 478.00 186 103 28
12.56 -41.42 478.00 180 100 24
13.32 -41.34 477.00 180 100 24
14.10 -41.34 477.00 177 97 19
14.89 -41.34 477.00 177 97 19
15.67 -41.34 477.00 178 97 10
16.46 -41.34 477.00 177 96 9
17.24 -41.34 477.00 180 95 7
18.02 -41.34 477.00 182 97 9
18.81 -41.34 477.00 181 96 8
19.59 -41.34 477.00 185 100 12
20.38 -41.34 477.00 180 95 11
21.16 -41.34 477.00 178 93 9
21.95 -41.34 477.00 179 92 5
22.73 -41.34 477.00 178 91 4
23.52 -41.34 477.00 182 92 6
24.35 -41.42 478.00 183 93 7
25.14 -41.42 478.00 181 94 7
25.92 -41.42 478.00 186 99 12
26.71 -41.42 478.00 184 99 11
27.50 -41.42 478.00 181 96 8
28.34 -41.51 479.00 182 100 15
29.13 -41.51 479.00 185 103 18
29.92 -41.51 479.00 184 102 20
30.77 -41.60 480.00 183 101 19
31.63 -41.68 481.00 181 99 17
32.42 -41.68 481.00 178 96 14
33.21 -41.68 481.00 180 94 15
34.00 -41.68 481.00 181 95 16
34.86 -41.77 482.00 181 95 16
35.66 -41.77 482.00 177 91 12
36.52 -41.86 483.00 173 90 10
37.32 -41.86 483.00 177 94 14
38.19 -41.94 484.00 177 94 14
38.99 -41.94 484.00 176 93 13
39.78 -41.94 484.00 173 90 10
40.58 -41.94 484.00 173 90 10
41.38 -41.94 484.00 172 89 9
42.26 -42.03 485.00 171 88 8
43.15 -42.12 486.00 172 89 9
43.95 -42.12 486.00 171 88 8
44.75 -42.12 486.00 173 87 8
45.73 -42.29 488.00 172 86 7
46.63 -42.38 489.00 170 87 7
47.44 -42.38 489.00 171 88 8
48.44 -42.55 491.00 171 88 8
49.34 -42.64 492.00 175 92 12
50.15 -42.64 492.00 171 96 41
51.27 -42.90 495.00 178 103 48
52.40 -43.16 498.00 170 113 83
53.54 -43.42 501.00 175 118 88
54.37 -43.42 501.00 197 173 159
-13.16 -42.42 499.00 155 121 99
-12.26 -42.16 496.00 144 110 88
-11.40 -41.99 494.00 154 98 59
-10.59 -41.99 494.00 149 93 54
-9.73 -41.82 492.00 149 86 29
-8.93 -41.82 492.00 144 81 24
-8.12 -41.82 492.00 148 77 18
-7.29 -41.74 491.00 151 80 21
-6.47 -41.65 490.00 152 78 16
-5.66 -41.65 490.00 150 76 14
-4.85 -41.57 489.00 152 76 7
-4.04 -41.48 488.00 152 76 7
-3.23 -41.48 488.00 154 76 6
-2.43 -41.40 487.00 156 78 8
-1.62 -41.31 486.00 160 79 8
-0.82 -41.31 486.00 160 79 8
-0.02 -41.23 485.00 162 82 8
0.77 -41.14 484.00 162 82 8
1.57 -41.14 484.00 164 81 6
2.36 -41.06 483.00 168 85 10
3.16 -41.06 483.00 171 88 13
3.95 -41.06 483.00 171 88 13
4.73 -40.97 482.00 170 87 12
5.52 -40.89 481.00 174 91 16
6.31 -40.89 481.00 178 95 20
7.08 -40.80 480.00 177 94 19
7.87 -40.80 480.00 175 91 16
8.66 -40.80 480.00 172 88 13
9.43 -40.72 479.00 174 87 13
10.20 -40.63 478.00 178 91 17
10.99 -40.63 478.00 183 100 25
11.77 -40.63 478.00 186 103 28
12.56 -40.63 478.00 180 103 28
13.32 -40.55 477.00 181 104 29
14.10 -40.55 477.00 175 98 23
14.89 -40.55 477.00 182 105 30
15.67 -40.55 477.00 195 114 29
16.46 -40.55 477.00 177 96 11
17.24 -40.55 477.00 179 94 8
18.02 -40.55 477.00 180 95 9
18.81 -40.55 477.00 181 96 10
19.59 -40.55 477.00 186 101 15
20.38 -40.55 477.00 179 94 10
21.16 -40.55 477.00 178 93 9
21.95 -40.55 477.00 181 91 5
22.73 -40.55 477.00 180 90 4
23.57 -40.63 478.00 182 92 6
24.35 -40.63 478.00 183 93 7
25.14 -40.63 478.00 182 92 6
25.92 -40.63 478.00 184 94 8
26.77 -40.72 479.00 180 95 7
27.56 -40.72 479.00 180 95 7
28.34 -40.72 479.00 180 98 11
29.19 -40.80 480.00 184 102 15
29.98 -40.80 480.00 184 101 19
30.83 -40.89 481.00 183 100 18
31.63 -40.89 481.00 181 99 19
32.48 -40.97 482.00 177 95 15
33.28 -40.97 482.00 179 93 14
34.07 -40.97 482.00 178 92 13
34.94 -41.06 483.00 177 91 12
35.73 -41.06 483.00 175 89 10
36.52 -41.06 483.00 175 89 10
37.40 -41.14 484.00 179 93 14
38.19 -41.14 484.00 178 92 13
38.99 -41.14 484.00 177 91 12
39.78 -41.14 484.00 175 89 10
40.66 -41.23 485.00 175 89 10
41.46 -41.23 485.00 174 88 9
42.26 -41.23 485.00 173 87 8
43.15 -41.31 486.00 174 88 9
43.95 -41.31 486.00 173 87 8
44.84 -41.40 487.00 172 86 7
45.73 -41.48 488.00 172 86 7
46.63 -41.57 489.00 170 87 7
47.44 -41.57 489.00 171 88 8
48.44 -41.74 491.00 171 88 13
49.45 -41.91 493.00 174 91 16
50.26 -41.91 493.00 174 104 56
51.38 -42.16 496.00 176 106 58
52.51 -42.42 499.00 167 116 91
53.65 -42.68 502.00 193 142 117
54.48 -42.68 502.00 185 168 154
-13.18 -41.68 500.00 161 133 114
-12.26 -41.35 496.00 138 110 91
-11.40 -41.18 494.00 157 103 65
-10.59 -41.18 494.00 151 97 59
-9.73 -41.01 492.00 151 87 35
-8.93 -41.01 492.00 146 82 30
-8.12 -41.01 492.00 146 78 18
-7.29 -40.93 491.00 148 80 20
-6.47 -40.85 490.00 150 76 14
-5.66 -40.85 490.00 149 75 13
-4.85 -40.76 489.00 152 76 7
-4.04 -40.68 488.00 152 76 7
-3.23 -40.68 488.00 154 76 6
-2.43 -40.60 487.00 156 78 8
-1.62 -40.51 486.00 160 79 8
-0.82 -40.51 486.00 160 79 8
-0.02 -40.43 485.00 161 81 7
0.77 -40.35 484.00 161 81 7
1.57 -40.35 484.00 162 82 8
2.36 -40.26 483.00 165 85 11
3.16 -40.26 483.00 167 87 13
3.95 -40.26 483.00 169 89 15
4.73 -40.18 482.00 170 87 14
5.52 -40.10 481.00 171 88 15
6.31 -40.10 481.00 176 93 20
7.08 -40.01 480.00 176 93 20
7.87 -40.01 480.00 173 89 14
8.66 -40.01 480.00 171 87 12
9.43 -39.93 479.00 171 87 12
10.20 -39.85 478.00 176 92 17
10.99 -39.85 478.00 181 98 23
11.77 -39.85 478.00 184 101 26
12.56 -39.85 478.00 183 103 29
13.32 -39.76 477.00 179 99 25
14.10 -39.76 477.00 175 95 21
14.89 -39.76 477.00 188 108 34
15.67 -39.76 477.00 195 116 33
16.46 -39.76 477.00 174 95 12
17.24 -39.76 477.00 177 92 6
18.02 -39.76 477.00 178 93 7
18.81 -39.76 477.00 179 94 8
19.59 -39.76 477.00 184 99 13
20.38 -39.76 477.00 179 94 10
21.16 -39.76 477.00 178 93 9
21.95 -39.76 477.00 181 91 5
22.73 -39.76 477.00 180 90 4
23.57 -39.85 478.00 182 92 6
24.35 -39.85 478.00 182 92 6
25.14 -39.85 478.00 182 92 6
25.92 -39.85 478.00 182 92 6
26.77 -39.93 479.00 180 93 6
27.56 -39.93 479.00 179 92 5
28.40 -40.01 480.00 181 96 10
29.19 -40.01 480.00 184 99 13
29.98 -40.01 480.00 182 99 17
30.83 -40.10 481.00 183 100 18
31.69 -40.18 482.00 182 99 19
32.48 -40.18 482.00 177 94 14
33.28 -40.18 482.00 177 90 14
34.14 -40.26 483.00 177 90 14
34.94 -40.26 483.00 175 88 12
35.73 -40.26 483.00 175 88 12
36.60 -40.35 484.00 175 88 12
37.40 -40.35 484.00 179 92 16
38.27 -40.43 485.00 177 90 14
39.07 -40.43 485.00 175 88 12
39.87 -40.43 485.00 174 88 9
40.66 -40.43 485.00 175 89 10
41.46 -40.43 485.00 173 87 8
42.26 -40.43 485.00 172 86 7
43.15 -40.51 486.00 173 87 8
43.95 -40.51 486.00 173 87 8
44.84 -40.60 487.00 172 86 7
45.83 -40.76 489.00 172 86 7
46.73 -40.85 490.00 170 87 7
47.53 -40.85 490.00 172 89 9
48.44 -40.93 491.00 169 89 15
49.45 -41.10 493.00 173 93 19
50.26 -41.10 493.00 173 106 64
51.38 -41.35 496.00 176 109 67
52.61 -41.68 500.00 166 122 102
53.97 -42.10 505.00 202 158 138
-12.31 -40.69 498.00 140 116 100
-11.40 -40.37 494.00 155 105 71
-10.59 -40.37 494.00 150 100 66
-9.73 -40.20 492.00 151 89 41
-8.93 -40.20 492.00 145 83 35
-8.12 -40.20 492.00 146 78 18
-7.29 -40.12 491.00 146 78 18
-6.47 -40.04 490.00 149 75 13
-5.66 -40.04 490.00 148 74 12
-4.85 -39.96 489.00 151 74 8
-4.04 -39.88 488.00 152 75 9
-3.23 -39.88 488.00 154 76 6
-2.43 -39.79 487.00 154 76 6
-1.62 -39.71 486.00 159 78 7
-0.82 -39.71 486.00 160 79 8
-0.02 -39.63 485.00 162 82 8
0.77 -39.55 484.00 160 80 6
1.57 -39.55 484.00 161 81 7
2.36 -39.47 483.00 163 83 9
3.16 -39.47 483.00 165 85 11
3.95 -39.47 483.00 168 88 14
4.73 -39.39 482.00 170 87 14
5.52 -39.30 481.00 171 88 15
6.31 -39.30 481.00 176 93 20
7.10 -39.30 481.00 177 94 21
7.87 -39.22 480.00 172 89 14
8.66 -39.22 480.00 170 87 12
9.43 -39.14 479.00 173 86 12
10.22 -39.14 479.00 179 92 18
10.99 -39.06 478.00 181 98 23
11.77 -39.06 478.00 182 99 24
12.56 -39.06 478.00 179 99 25
13.34 -39.06 478.00 175 95 21
14.13 -39.06 478.00 174 94 20
14.89 -38.98 477.00 184 104 30
15.67 -38.98 477.00 188 106 26
16.46 -38.98 477.00 176 94 14
17.24 -38.98 477.00 177 92 6
18.06 -39.06 478.00 177 92 6
18.85 -39.06 478.00 178 93 7
19.63 -39.06 478.00 181 96 10
20.42 -39.06 478.00 179 94 8
21.21 -39.06 478.00 177 92 6
21.99 -39.06 478.00 180 90 4
22.78 -39.06 478.00 180 90 4
23.57 -39.06 478.00 181 91 5
24.40 -39.14 479.00 181 91 5
25.19 -39.14 479.00 181 91 5
25.98 -39.14 479.00 180 90 4
26.77 -39.14 479.00 179 92 5
27.56 -39.14 479.00 179 92 5
28.40 -39.22 480.00 180 95 9
29.19 -39.22 480.00 180 95 9
29.98 -39.22 480.00 179 96 14
30.83 -39.30 481.00 182 99 17
31.69 -39.39 482.00 180 97 17
32.48 -39.39 482.00 175 92 12
33.28 -39.39 482.00 175 88 12
34.14 -39.47 483.00 175 88 12
34.94 -39.47 483.00 174 87 11
35.73 -39.47 483.00 174 87 11
36.60 -39.55 484.00 175 88 12
37.40 -39.55 484.00 178 91 15
38.27 -39.63 485.00 177 90 14
39.07 -39.63 485.00 175 88 12
39.87 -39.63 485.00 174 88 9
40.66 -39.63 485.00 174 88 9
41.46 -39.63 485.00 171 85 6
42.26 -39.63 485.00 170 84 5
43.15 -39.71 486.00 173 87 8
43.95 -39.71 486.00 173 87 8
44.84 -39.79 487.00 172 86 7
45.83 -39.96 489.00 172 86 7
46.73 -40.04 490.00 171 87 10
47.53 -40.04 490.00 172 88 11
48.44 -40.12 491.00 170 91 26
49.45 -40.28 493.00 177 98 33
50.26 -40.28 493.00 171 107 71
51.38 -40.53 496.00 174 110 74
52.61 -40.86 500.00 171 136 121
53.97 -41.26 505.00 194 159 144
-12.36 -40.03 500.00 149 132 116
-11.45 -39.71 496.00 153 109 79
-10.63 -39.71 496.00 147 103 73
-9.75 -39.47 493.00 152 92 50
-8.93 -39.39 492.00 143 83 41
-8.12 -39.39 492.00 145 78 20
-7.29 -39.31 491.00 145 78 20
-6.47 -39.23 490.00 149 75 13
-5.66 -39.23 490.00 148 74 12
-4.86 -39.23 490.00 150 73 7
-4.04 -39.15 489.00 152 75 9
-3.24 -39.15 489.00 153 77 6
-2.43 -39.07 488.00 153 77 6
-1.62 -38.91 486.00 157 79 7
-0.82 -38.91 486.00 157 79 7
-0.02 -38.91 486.00 161 81 7
0.78 -38.83 485.00 160 80 6
1.57 -38.83 485.00 161 81 7
2.37 -38.75 484.00 162 82 8
3.16 -38.67 483.00 163 83 9
3.95 -38.67 483.00 166 86 12
4.74 -38.67 483.00 167 87 13
5.53 -38.59 482.00 170 90 16
6.32 -38.59 482.00 176 93 20
7.10 -38.51 481.00 175 92 19
7.89 -38.51 481.00 173 89 14
8.68 -38.51 481.00 171 87 12
9.45 -38.43 480.00 172 88 13
10.22 -38.35 479.00 177 93 18
11.01 -38.35 479.00 207 124 49
11.80 -38.35 479.00 182 99 24
12.56 -38.27 478.00 177 94 21
13.34 -38.27 478.00 176 93 20
14.13 -38.27 478.00 176 93 20
14.92 -38.27 478.00 181 98 25
15.70 -38.27 478.00 181 99 19
16.49 -38.27 478.00 175 93 13
17.28 -38.27 478.00 177 92 8
18.06 -38.27 478.00 177 92 8
18.85 -38.27 478.00 178 93 7
19.63 -38.27 478.00 178 93 7
20.42 -38.27 478.00 179 92 7
21.21 -38.27 478.00 178 91 6
21.99 -38.27 478.00 178 91 6
22.78 -38.27 478.00 178 91 6
23.57 -38.27 478.00 181 91 5
24.40 -38.35 479.00 181 91 5
25.19 -38.35 479.00 180 90 4
25.98 -38.35 479.00 178 88 2
26.82 -38.43 480.00 178 91 6
27.61 -38.43 480.00 178 91 6
28.46 -38.51 481.00 179 94 10
29.25 -38.51 481.00 178 93 9
30.11 -38.59 482.00 178 92 13
30.90 -38.59 482.00 179 93 14
31.76 -38.67 483.00 175 91 14
32.55 -38.67 483.00 175 91 14
33.35 -38.67 483.00 174 87 11
34.21 -38.75 484.00 175 88 12
35.01 -38.75 484.00 173 86 10
35.80 -38.75 484.00 174 87 11
36.60 -38.75 484.00 174 87 11
37.47 -38.83 485.00 175 88 12
38.27 -38.83 485.00 177 90 14
39.07 -38.83 485.00 175 88 12
39.87 -38.83 485.00 174 87 11
40.75 -38.91 486.00 174 87 11
41.55 -38.91 486.00 170 86 9
42.35 -38.91 486.00 168 84 7
43.24 -38.99 487.00 170 86 9
44.04 -38.99 487.00 170 86 9
44.93 -39.07 488.00 170 86 9
45.83 -39.15 489.00 171 87 10
46.73 -39.23 490.00 172 88 13
47.53 -39.23 490.00 175 91 16
48.54 -39.39 492.00 170 95 37
49.55 -39.55 494.00 177 102 44
50.36 -39.55 494.00 172 112 81
51.58 -39.87 498.00 168 108 77
52.82 -40.19 502.00 195 169 156
-11.45 -38.89 496.00 155 116 94
-10.63 -38.89 496.00 145 106 84
-9.75 -38.66 493.00 155 99 60
-8.93 -38.58 492.00 148 92 53
-8.12 -38.58 492.00 146 81 27
-7.29 -38.50 491.00 142 77 23
-6.47 -38.42 490.00 147 76 13
-5.66 -38.42 490.00 145 74 11
-4.85 -38.34 489.00 150 73 7
-4.04 -38.34 489.00 151 74 8
-3.24 -38.34 489.00 153 77 6
-2.43 -38.27 488.00 153 77 6
-1.62 -38.11 486.00 156 78 6
-0.82 -38.11 486.00 156 78 6
-0.02 -38.11 486.00 159 79 5
0.78 -38.03 485.00 160 80 6
1.57 -38.03 485.00 160 80 6
2.37 -37.95 484.00 161 81 7
3.16 -37.87 483.00 163 83 9
3.95 -37.87 483.00 165 85 11
4.74 -37.87 483.00 168 85 12
5.53 -37.80 482.00 170 87 14
6.32 -37.80 482.00 170 87 14
7.10 -37.72 481.00 169 86 13
7.89 -37.72 481.00 170 86 11
8.68 -37.72 481.00 171 87 12
9.45 -37.64 480.00 172 88 13
10.22 -37.56 479.00 177 93 18
11.01 -37.56 479.00 190 106 31
11.80 -37.56 479.00 178 94 19
12.56 -37.48 478.00 177 93 18
13.34 -37.48 478.00 176 92 17
14.13 -37.48 478.00 175 92 17
14.92 -37.48 478.00 177 94 19
15.70 -37.48 478.00 177 95 15
16.49 -37.48 478.00 175 93 13
17.28 -37.48 478.00 177 91 10
18.06 -37.48 478.00 177 91 10
18.85 -37.48 478.00 177 92 8
19.63 -37.48 478.00 177 92 8
20.42 -37.48 478.00 177 92 8
21.25 -37.56 479.00 177 92 8
22.04 -37.56 479.00 178 91 8
22.83 -37.56 479.00 178 91 8
23.62 -37.56 479.00 179 92 7
24.40 -37.56 479.00 179 92 7
25.19 -37.56 479.00 178 91 6
26.09 -37.72 481.00 176 89 4
26.88 -37.72 481.00 176 89 6
27.67 -37.72 481.00 178 91 8
28.52 -37.80 482.00 177 91 10
29.31 -37.80 482.00 177 91 10
30.17 -37.87 483.00 178 92 13
30.96 -37.87 483.00 177 91 12
31.76 -37.87 483.00 173 89 12
32.62 -37.95 484.00 173 89 12
33.42 -37.95 484.00 171 87 10
34.28 -38.03 485.00 171 87 10
35.08 -38.03 485.00 171 87 10
35.88 -38.03 485.00 171 87 10
36.68 -38.03 485.00 172 88 11
37.55 -38.11 486.00 173 89 12
38.35 -38.11 486.00 173 89 12
39.15 -38.11 486.00 173 89 12
39.95 -38.11 486.00 171 87 10
40.75 -38.11 486.00 171 87 10
41.55 -38.11 486.00 169 85 8
42.43 -38.19 487.00 169 85 8
43.24 -38.19 487.00 170 87 10
44.04 -38.19 487.00 169 86 9
45.02 -38.34 489.00 169 86 9
45.92 -38.42 490.00 171 88 11
46.82 -38.50 491.00 172 88 18
47.63 -38.50 491.00 176 92 22
48.63 -38.66 493.00 172 99 48
49.75 -38.89 496.00 178 105 54
50.97 -39.21 500.00 163 114 88
51.79 -39.21 500.00 192 143 117
-10.67 -38.23 498.00 144 112 92
-9.79 -38.00 495.00 155 102 69
-8.94 -37.85 493.00 149 96 63
-8.13 -37.85 493.00 150 89 38
-7.31 -37.77 492.00 142 81 30
-6.47 -37.61 490.00 146 75 12
-5.66 -37.61 490.00 146 75 12
-4.85 -37.54 489.00 148 74 9
-4.04 -37.54 489.00 148 74 9
-3.24 -37.54 489.00 152 76 5
-2.43 -37.46 488.00 153 77 6
-1.62 -37.38 487.00 153 77 4
-0.82 -37.38 487.00 155 79 6
-0.02 -37.31 486.00 157 79 7
0.78 -37.23 485.00 157 79 7
1.57 -37.23 485.00 159 79 5
2.37 -37.15 484.00 161 81 7
3.16 -37.15 484.00 164 81 8
3.96 -37.15 484.00 164 81 8
4.74 -37.08 483.00 166 82 9
5.53 -37.00 482.00 168 84 11
6.32 -37.00 482.00 169 85 12
7.11 -37.00 482.00 166 82 9
7.89 -36.92 481.00 168 84 9
8.68 -36.92 481.00 171 87 12
9.45 -36.85 480.00 171 87 10
10.24 -36.85 480.00 173 89 12
11.01 -36.77 479.00 175 91 14
11.80 -36.77 479.00 173 89 12
12.58 -36.77 479.00 175 91 14
13.37 -36.77 479.00 175 91 14
14.16 -36.77 479.00 174 91 16
14.92 -36.69 478.00 176 93 18
15.70 -36.69 478.00 174 91 14
16.49 -36.69 478.00 175 92 15
17.28 -36.69 478.00 177 91 10
18.06 -36.69 478.00 177 91 10
18.85 -36.69 478.00 177 92 8
19.63 -36.69 478.00 175 90 6
20.42 -36.69 478.00 177 92 8
21.25 -36.77 479.00 175 90 6
22.04 -36.77 479.00 176 89 6
22.83 -36.77 479.00 178 91 8
23.62 -36.77 479.00 180 93 10
24.40 -36.77 479.00 179 92 9
25.19 -36.77 479.00 178 91 8
26.09 -36.92 481.00 176 89 6
26.88 -36.92 481.00 176 89 6
27.67 -36.92 481.00 176 89 6
28.52 -37.00 482.00 177 91 12
29.31 -37.00 482.00 177 91 12
30.17 -37.08 483.00 177 90 14
30.96 -37.08 483.00 175 88 12
31.76 -37.08 483.00 174 87 11
32.62 -37.15 484.00 175 88 12
33.42 -37.15 484.00 173 86 10
34.28 -37.23 485.00 172 85 9
35.08 -37.23 485.00 170 86 9
35.88 -37.23 485.00 171 87 10
36.68 -37.23 485.00 171 87 10
37.55 -37.31 486.00 172 88 11
38.35 -37.31 486.00 173 89 12
39.15 -37.31 486.00 172 88 11
39.95 -37.31 486.00 171 87 10
40.75 -37.31 486.00 171 87 10
41.55 -37.31 486.00 169 86 9
42.43 -37.38 487.00 170 87 10
43.24 -37.38 487.00 170 87 12
44.04 -37.38 487.00 169 86 11
45.02 -37.54 489.00 170 87 12
45.92 -37.61 490.00 174 91 16
46.82 -37.69 491.00 171 92 27
47.63 -37.69 491.00 175 96 31
48.63 -37.85 493.00 172 103 57
49.75 -38.08 496.00 176 107 61
51.38 -38.69 504.00 164 124 100
52.21 -38.69 504.00 199 159 135
-9.81 -37.26 496.00 155 107 74
-8.96 -37.11 494.00 149 101 68
-8.15 -37.11 494.00 154 95 48
-7.31 -36.96 492.00 148 89 42
-6.47 -36.81 490.00 144 76 16
-5.66 -36.81 490.00 144 76 16
-4.86 -36.81 490.00 149 75 10
-4.04 -36.73 489.00 148 74 9
-3.24 -36.73 489.00 152 76 7
-2.43 -36.66 488.00 153 77 8
-1.62 -36.58 487.00 153 77 4
-0.82 -36.58 487.00 155 79 6
-0.02 -36.51 486.00 156 78 6
0.78 -36.43 485.00 156 78 6
1.57 -36.43 485.00 158 77 6
2.37 -36.43 485.00 160 79 8
3.16 -36.36 484.00 164 81 8
3.96 -36.36 484.00 164 81 8
4.75 -36.36 484.00 165 81 6
5.54 -36.28 483.00 166 82 7
6.33 -36.28 483.00 168 84 9
7.11 -36.21 482.00 165 81 6
7.91 -36.21 482.00 165 81 6
8.70 -36.21 482.00 169 85 10
9.47 -36.13 481.00 170 86 9
10.26 -36.13 481.00 172 88 11
11.03 -36.06 480.00 173 89 12
11.82 -36.06 480.00 172 88 11
12.61 -36.06 480.00 172 88 11
13.37 -35.98 479.00 173 89 12
14.16 -35.98 479.00 175 92 17
14.95 -35.98 479.00 176 93 18
15.74 -35.98 479.00 174 91 14
16.52 -35.98 479.00 174 91 14
17.31 -35.98 479.00 177 91 10
18.10 -35.98 479.00 175 89 8
18.89 -35.98 479.00 177 91 10
19.68 -35.98 479.00 175 89 8
20.46 -35.98 479.00 175 89 8
21.25 -35.98 479.00 175 89 8
22.04 -35.98 479.00 174 89 5
22.83 -35.98 479.00 175 90 6
23.66 -36.06 480.00 178 93 9
24.51 -36.13 481.00 178 93 9
25.30 -36.13 481.00 177 92 8
26.09 -36.13 481.00 177 92 8
26.93 -36.21 482.00 175 89 8
27.73 -36.21 482.00 175 89 8
28.52 -36.21 482.00 175 89 10
29.37 -36.28 483.00 175 89 10
30.23 -36.36 484.00 174 87 11
31.03 -36.36 484.00 173 86 10
31.82 -36.36 484.00 174 87 11
32.69 -36.43 485.00 174 87 11
33.48 -36.43 485.00 172 85 9
34.28 -36.43 485.00 172 85 9
35.15 -36.51 486.00 170 86 9
35.95 -36.51 486.00 170 86 9
36.75 -36.51 486.00 171 87 10
37.55 -36.51 486.00 171 87 10
38.35 -36.51 486.00 172 88 11
39.15 -36.51 486.00 172 88 11
40.03 -36.58 487.00 171 87 10
40.83 -36.58 487.00 171 87 10
41.63 -36.58 487.00 170 87 12
42.52 -36.66 488.00 171 88 13
43.32 -36.66 488.00 168 88 14
44.13 -36.66 488.00 169 89 15
45.02 -36.73 489.00 170 89 18
46.01 -36.88 491.00 173 92 21
47.01 -37.03 493.00 171 96 36
47.82 -37.03 493.00 175 100 40
48.83 -37.18 495.00 171 108 67
50.05 -37.48 499.00 174 111 70
51.38 -37.86 504.00 176 146 128
52.21 -37.86 504.00 185 155 137
-9.81 -36.44 496.00 155 109 80
-8.96 -36.29 494.00 148 102 73
-8.15 -36.29 494.00 153 98 52
-7.31 -36.15 492.00 148 93 47
-6.47 -36.00 490.00 149 82 26
-5.66 -36.00 490.00 144 77 21
-4.86 -36.00 490.00 149 76 11
-4.04 -35.93 489.00 148 75 10
-3.24 -35.93 489.00 150 77 7
-2.43 -35.85 488.00 151 78 8
-1.62 -35.78 487.00 153 77 6
-0.82 -35.78 487.00 155 79 8
-0.02 -35.70 486.00 155 79 6
0.78 -35.63 485.00 155 79 6
1.57 -35.63 485.00 158 77 6
2.37 -35.63 485.00 160 79 8
3.16 -35.56 484.00 163 80 7
3.96 -35.56 484.00 163 80 7
4.75 -35.56 484.00 164 80 5
5.54 -35.48 483.00 165 81 6
6.33 -35.48 483.00 166 82 7
7.11 -35.41 482.00 164 80 5
7.91 -35.41 482.00 164 80 3
8.70 -35.41 482.00 166 82 5
9.49 -35.41 482.00 168 84 7
10.26 -35.34 481.00 170 86 9
11.05 -35.34 481.00 171 87 10
11.85 -35.34 481.00 171 87 10
12.64 -35.34 481.00 171 87 10
13.40 -35.26 480.00 173 89 12
14.19 -35.26 480.00 179 96 21
14.98 -35.26 480.00 193 110 35
15.77 -35.26 480.00 172 89 12
16.56 -35.26 480.00 174 91 14
17.35 -35.26 480.00 173 90 8
18.14 -35.26 480.00 172 89 7
18.93 -35.26 480.00 177 91 10
19.72 -35.26 480.00 175 89 8
20.51 -35.26 480.00 175 89 8
21.30 -35.26 480.00 174 88 7
22.13 -35.34 481.00 173 87 6
22.92 -35.34 481.00 175 89 8
23.71 -35.34 481.00 177 91 10
24.51 -35.34 481.00 178 92 11
25.30 -35.34 481.00 177 91 10
26.14 -35.41 482.00 174 88 7
26.99 -35.48 483.00 174 88 9
27.79 -35.48 483.00 173 87 8
28.58 -35.48 483.00 174 87 11
29.43 -35.56 484.00 172 85 9
30.23 -35.56 484.00 172 85 9
31.03 -35.56 484.00 172 85 9
31.89 -35.63 485.00 172 85 9
32.69 -35.63 485.00 173 86 10
33.48 -35.63 485.00 170 86 9
34.35 -35.70 486.00 169 85 8
35.15 -35.70 486.00 170 86 9
35.95 -35.70 486.00 170 86 9
36.75 -35.70 486.00 170 86 11
37.63 -35.78 487.00 171 87 12
38.43 -35.78 487.00 171 87 12
39.23 -35.78 487.00 171 87 12
40.03 -35.78 487.00 171 87 12
40.92 -35.85 488.00 172 88 13
41.72 -35.85 488.00 172 89 16
42.61 -35.93 489.00 172 89 16
43.41 -35.93 489.00 169 88 17
44.22 -35.93 489.00 172 91 20
45.11 -36.00 490.00 170 93 27
46.11 -36.15 492.00 173 96 30
47.20 -36.37 495.00 172 100 46
48.02 -36.37 495.00 176 104 50
49.13 -36.59 498.00 167 110 78
50.45 -36.95 503.00 176 119 87
-8.98 -35.55 495.00 145 105 81
-8.17 -35.55 495.00 153 100 57
-7.31 -35.33 492.00 151 98 55
-6.47 -35.19 490.00 154 90 38
-5.66 -35.19 490.00 147 83 31
-4.86 -35.19 490.00 148 77 14
-4.04 -35.12 489.00 147 76 13
-3.24 -35.12 489.00 150 77 7
-2.43 -35.05 488.00 153 80 10
-1.62 -34.98 487.00 153 80 8
-0.82 -34.98 487.00 151 78 6
-0.02 -34.90 486.00 153 77 4
0.78 -34.90 486.00 155 79 6
1.58 -34.90 486.00 156 78 6
2.37 -34.83 485.00 157 79 7
3.17 -34.83 485.00 163 80 7
3.97 -34.83 485.00 163 80 7
4.75 -34.76 484.00 163 79 4
5.55 -34.76 484.00 164 80 5
6.35 -34.76 484.00 164 80 3
7.13 -34.69 483.00 163 79 2
7.91 -34.62 482.00 164 80 3
8.70 -34.62 482.00 166 82 5
9.49 -34.62 482.00 168 85 5
10.26 -34.54 481.00 169 86 6
11.05 -34.54 481.00 170 87 7
11.85 -34.54 481.00 170 87 7
12.64 -34.54 481.00 170 86 9
13.40 -34.47 480.00 171 87 10
14.19 -34.47 480.00 175 91 14
14.98 -34.47 480.00 176 92 15
15.77 -34.47 480.00 173 89 12
16.56 -34.47 480.00 173 89 12
17.35 -34.47 480.00 175 92 12
18.14 -34.47 480.00 172 89 9
18.93 -34.47 480.00 173 90 10
19.72 -34.47 480.00 173 90 10
20.51 -34.47 480.00 174 88 9
21.30 -34.47 480.00 174 88 9
22.13 -34.54 481.00 173 87 6
22.92 -34.54 481.00 174 88 7
23.71 -34.54 481.00 175 89 8
24.51 -34.54 481.00 177 91 10
25.30 -34.54 481.00 175 89 8
26.14 -34.62 482.00 173 87 6
26.99 -34.69 483.00 173 87 8
27.79 -34.69 483.00 173 87 8
28.58 -34.69 483.00 172 85 9
29.43 -34.76 484.00 171 84 8
30.23 -34.76 484.00 171 84 8
31.03 -34.76 484.00 171 84 8
31.89 -34.83 485.00 172 85 9
32.69 -34.83 485.00 172 85 9
33.48 -34.83 485.00 171 84 8
34.35 -34.90 486.00 171 84 8
35.15 -34.90 486.00 170 86 9
35.95 -34.90 486.00 169 85 8
36.75 -34.90 486.00 169 85 10
37.63 -34.98 487.00 170 86 11
38.43 -34.98 487.00 171 87 12
39.23 -34.98 487.00 171 87 12
40.03 -34.98 487.00 172 88 13
41.00 -35.12 489.00 172 88 13
41.80 -35.12 489.00 172 89 16
42.61 -35.12 489.00 174 91 18
43.50 -35.19 490.00 171 93 25
44.31 -35.19 490.00 172 94 26
45.21 -35.26 491.00 171 96 34
46.29 -35.48 494.00 175 100 38
47.39 -35.69 497.00 172 103 57
48.21 -35.69 497.00 177 108 62
49.42 -35.98 501.00 161 114 92
50.75 -36.34 506.00 194 147 125
-8.18 -34.80 496.00 151 102 63
-7.32 -34.59 493.00 148 99 60
-6.48 -34.45 491.00 152 93 44
-5.68 -34.45 491.00 148 89 40
-4.86 -34.38 490.00 150 84 23
-4.04 -34.31 489.00 145 79 18
-3.24 -34.31 489.00 150 77 7
-2.43 -34.24 488.00 153 80 10
-1.62 -34.17 487.00 153 80 10
-0.82 -34.17 487.00 151 78 8
-0.02 -34.17 487.00 153 77 6
0.78 -34.10 486.00 153 77 6
1.58 -34.10 486.00 156 78 6
2.37 -34.03 485.00 157 79 7
3.17 -34.03 485.00 163 80 7
3.97 -34.03 485.00 163 80 7
4.76 -34.03 485.00 162 79 4
5.55 -33.96 484.00 162 79 4
6.35 -33.96 484.00 163 79 2
7.14 -33.96 484.00 163 79 2
7.92 -33.89 483.00 164 80 3
8.72 -33.89 483.00 165 81 4
9.51 -33.89 483.00 166 82 5
10.28 -33.82 482.00 166 82 5
11.08 -33.82 482.00 168 85 5
11.87 -33.82 482.00 169 86 6
12.66 -33.82 482.00 169 85 8
13.43 -33.75 481.00 170 86 9
14.22 -33.75 481.00 171 87 10
15.01 -33.75 481.00 172 88 11
15.80 -33.75 481.00 172 88 11
16.59 -33.75 481.00 172 88 11
17.38 -33.75 481.00 175 91 14
18.18 -33.75 481.00 173 89 12
18.97 -33.75 481.00 173 90 10
19.76 -33.75 481.00 173 90 10
20.55 -33.75 481.00 172 89 9
21.34 -33.75 481.00 171 88 8
22.13 -33.75 481.00 171 88 8
22.92 -33.75 481.00 172 89 9
23.76 -33.82 482.00 173 90 8
24.56 -33.82 482.00 173 90 8
25.35 -33.82 482.00 171 88 6
26.20 -33.89 483.00 170 87 5
26.99 -33.89 483.00 170 87 7
27.79 -33.89 483.00 171 88 8
28.64 -33.96 484.00 169 85 10
29.50 -34.03 485.00 168 84 9
30.29 -34.03 485.00 168 84 9
31.09 -34.03 485.00 166 82 7
31.95 -34.10 486.00 170 86 11
32.75 -34.10 486.00 169 85 10
33.55 -34.10 486.00 171 84 10
34.35 -34.10 486.00 171 84 10
35.22 -34.17 487.00 169 85 10
36.03 -34.17 487.00 169 85 10
36.83 -34.17 487.00 169 85 10
37.63 -34.17 487.00 170 86 11
38.51 -34.24 488.00 171 87 12
39.31 -34.24 488.00 171 87 12
40.20 -34.31 489.00 171 88 13
41.00 -34.31 489.00 172 89 14
41.80 -34.31 489.00 173 92 21
42.61 -34.31 489.00 174 93 22
43.50 -34.38 490.00 171 94 30
44.31 -34.38 490.00 172 95 31
45.21 -34.45 491.00 169 97 41
46.29 -34.66 494.00 173 101 45
47.39 -34.87 497.00 170 107 68
48.21 -34.87 497.00 175 112 73
49.42 -35.15 501.00 172 137 120
50.75 -35.51 506.00 194 159 142
-7.32 -33.78 493.00 147 103 71
-6.48 -33.64 491.00 153 98 52
-5.68 -33.64 491.00 149 94 48
-4.86 -33.57 490.00 154 90 33
-4.04 -33.51 489.00 147 83 26
-3.24 -33.51 489.00 150 77 12
-2.43 -33.44 488.00 150 77 12
-1.63 -33.44 488.00 153 80 10
-0.83 -33.44 488.00 151 78 8
-0.02 -33.37 487.00 153 77 6
0.78 -33.30 486.00 153 77 6
1.58 -33.30 486.00 154 76 4
2.38 -33.30 486.00 156 78 6
3.17 -33.23 485.00 162 79 6
3.97 -33.23 485.00 163 80 7
4.76 -33.23 485.00 161 78 3
5.56 -33.23 485.00 161 78 3
6.36 -33.23 485.00 162 78 3
7.14 -33.16 484.00 162 78 3
7.94 -33.16 484.00 163 79 4
8.72 -33.09 483.00 164 80 5
9.51 -33.09 483.00 165 81 4
10.31 -33.09 483.00 165 81 4
11.10 -33.09 483.00 165 81 4
11.90 -33.09 483.00 166 82 5
12.66 -33.03 482.00 168 84 7
13.46 -33.03 482.00 169 85 8
14.25 -33.03 482.00 170 86 11
15.04 -33.03 482.00 170 86 11
15.83 -33.03 482.00 171 87 12
16.63 -33.03 482.00 171 87 12
17.42 -33.03 482.00 172 88 11
18.21 -33.03 482.00 171 87 10
19.01 -33.03 482.00 171 87 10
19.80 -33.03 482.00 172 88 11
20.59 -33.03 482.00 172 88 11
21.38 -33.03 482.00 171 87 10
22.22 -33.09 483.00 171 88 8
23.02 -33.09 483.00 171 88 8
23.81 -33.09 483.00 172 89 7
24.61 -33.09 483.00 172 89 7
25.40 -33.09 483.00 170 87 7
26.25 -33.16 484.00 169 86 6
27.05 -33.16 484.00 169 85 8
27.84 -33.16 484.00 170 86 9
28.70 -33.23 485.00 169 85 10
29.50 -33.23 485.00 168 84 9
30.36 -33.30 486.00 168 84 9
31.16 -33.30 486.00 166 82 7
31.95 -33.30 486.00 169 85 10
32.82 -33.37 487.00 169 85 10
33.62 -33.37 487.00 169 85 10
34.42 -33.37 487.00 169 85 10
35.22 -33.37 487.00 168 84 9
36.03 -33.37 487.00 169 85 10
36.90 -33.44 488.00 169 85 12
37.78 -33.51 489.00 170 86 13
38.59 -33.51 489.00 171 87 14
39.39 -33.51 489.00 171 87 14
40.20 -33.51 489.00 172 89 16
41.08 -33.57 490.00 174 91 18
41.89 -33.57 490.00 173 95 27
42.70 -33.57 490.00 173 95 27
43.59 -33.64 491.00 170 95 35
44.58 -33.78 493.00 174 99 39
45.39 -33.78 493.00 171 101 49
46.48 -33.99 496.00 174 104 52
47.68 -34.26 500.00 160 106 78
48.99 -34.60 505.00 177 123 95
49.82 -34.60 505.00 184 163 150
-7.35 -33.10 495.00 145 109 86
-6.48 -32.83 491.00 155 101 61
-5.68 -32.83 491.00 150 96 56
-4.86 -32.77 490.00 156 92 40
-4.04 -32.70 489.00 152 88 36
-3.24 -32.70 489.00 149 81 19
-2.44 -32.70 489.00 146 78 16
-1.63 -32.63 488.00 153 80 10
-0.83 -32.63 488.00 151 78 8
-0.02 -32.57 487.00 151 78 8
0.78 -32.50 486.00 150 77 7
1.58 -32.50 486.00 154 76 4
2.38 -32.50 486.00 156 78 6
3.17 -32.43 485.00 161 78 5
3.97 -32.43 485.00 162 79 6
4.76 -32.43 485.00 161 78 5
5.56 -32.43 485.00 160 77 4
6.36 -32.43 485.00 161 77 2
7.14 -32.37 484.00 162 78 3
7.94 -32.37 484.00 162 78 3
8.72 -32.30 483.00 163 79 4
9.51 -32.30 483.00 164 80 3
10.31 -32.30 483.00 164 80 3
11.10 -32.30 483.00 164 80 3
11.90 -32.30 483.00 165 81 4
12.66 -32.23 482.00 166 82 5
13.46 -32.23 482.00 168 84 7
14.25 -32.23 482.00 169 85 10
15.04 -32.23 482.00 170 86 11
15.83 -32.23 482.00 171 87 12
16.63 -32.23 482.00 171 87 12
17.42 -32.23 482.00 171 87 10
18.21 -32.23 482.00 171 87 10
19.01 -32.23 482.00 170 86 9
19.80 -32.23 482.00 171 87 10
20.59 -32.23 482.00 172 88 13
21.38 -32.23 482.00 170 86 11
22.22 -32.30 483.00 171 87 10
23.02 -32.30 483.00 170 86 9
23.81 -32.30 483.00 171 88 8
24.61 -32.30 483.00 170 87 7
25.40 -32.30 483.00 169 86 6
26.25 -32.37 484.00 169 86 6
27.05 -32.37 484.00 169 85 8
27.84 -32.37 484.00 168 84 7
28.70 -32.43 485.00 168 84 9
29.50 -32.43 485.00 168 84 9
30.36 -32.50 486.00 168 84 9
31.16 -32.50 486.00 166 82 7
32.02 -32.57 487.00 169 85 10
32.82 -32.57 487.00 168 84 9
33.62 -32.57 487.00 168 84 9
34.42 -32.57 487.00 168 84 9
35.30 -32.63 488.00 168 84 9
36.10 -32.63 488.00 169 85 10
36.98 -32.70 489.00 169 85 12
37.86 -32.77 490.00 170 86 13
38.67 -32.77 490.00 170 87 14
39.47 -32.77 490.00 171 88 15
40.28 -32.77 490.00 170 89 18
41.17 -32.83 491.00 174 93 22
41.98 -32.83 491.00 173 96 32
42.87 -32.90 492.00 172 95 31
43.86 -33.03 494.00 170 95 40
44.85 -33.17 496.00 175 100 45
45.67 -33.17 496.00 170 104 62
46.76 -33.37 499.00 169 103 61
-6.52 -32.22 494.00 154 104 72
-5.71 -32.22 494.00 149 99 67
-4.88 -32.09 492.00 154 95 46
-4.05 -31.96 490.00 152 93 44
-3.25 -31.96 490.00 155 88 30
-2.44 -31.96 490.00 148 81 23
-1.63 -31.89 489.00 152 79 14
-0.83 -31.89 489.00 150 77 12
-0.02 -31.83 488.00 153 79 12
0.78 -31.76 487.00 153 79 12
1.58 -31.76 487.00 153 77 6
2.38 -31.70 486.00 155 79 8
3.18 -31.70 486.00 159 78 7
3.97 -31.70 486.00 159 78 7
4.77 -31.70 486.00 159 75 2
5.56 -31.63 485.00 158 74 1
6.36 -31.63 485.00 161 77 4
7.16 -31.63 485.00 162 78 5
7.94 -31.57 484.00 161 77 2
8.74 -31.57 484.00 163 79 4
9.53 -31.57 484.00 164 80 5
10.33 -31.57 484.00 163 79 4
11.12 -31.57 484.00 163 79 4
11.92 -31.57 484.00 164 80 5
12.69 -31.50 483.00 165 81 6
13.48 -31.50 483.00 166 82 7
14.28 -31.50 483.00 168 84 9
15.07 -31.50 483.00 169 85 10
15.87 -31.50 483.00 170 86 11
16.66 -31.50 483.00 169 85 10
17.46 -31.50 483.00 170 86 11
18.25 -31.50 483.00 170 86 11
19.05 -31.50 483.00 168 85 10
19.84 -31.50 483.00 168 85 10
20.63 -31.50 483.00 170 87 12
21.43 -31.50 483.00 169 86 11
22.27 -31.57 484.00 169 86 11
23.07 -31.57 484.00 169 86 11
23.86 -31.57 484.00 169 86 9
24.66 -31.57 484.00 168 85 8
25.45 -31.57 484.00 168 85 8
26.30 -31.63 485.00 168 85 8
27.10 -31.63 485.00 168 84 7
27.90 -31.63 485.00 168 84 7
28.76 -31.70 486.00 168 84 9
29.56 -31.70 486.00 168 84 9
30.36 -31.70 486.00 168 84 9
31.16 -31.70 486.00 166 82 7
32.02 -31.76 487.00 168 84 9
32.82 -31.76 487.00 168 84 9
33.62 -31.76 487.00 168 84 9
34.42 -31.76 487.00 168 84 9
35.30 -31.83 488.00 168 84 11
36.10 -31.83 488.00 169 85 12
36.98 -31.89 489.00 169 86 13
37.86 -31.96 490.00 169 86 13
38.67 -31.96 490.00 170 86 16
39.47 -31.96 490.00 171 87 17
40.28 -31.96 490.00 170 92 24
41.17 -32.02 491.00 173 95 27
41.98 -32.02 491.00 172 97 37
42.87 -32.09 492.00 172 97 37
43.86 -32.22 494.00 172 99 50
44.85 -32.35 496.00 173 100 51
45.67 -32.35 496.00 160 105 72
46.76 -32.55 499.00 172 117 84
-5.73 -31.53 496.00 149 105 77
-4.90 -31.40 494.00 156 98 53
-4.07 -31.28 492.00 154 96 51
-3.26 -31.28 492.00 156 92 38
-2.45 -31.21 491.00 149 85 31
-1.63 -31.15 490.00 150 82 22
-0.83 -31.15 490.00 148 80 20
-0.02 -31.09 489.00 151 80 17
0.78 -31.02 488.00 152 81 18
1.58 -31.02 488.00 153 80 10
2.38 -30.96 487.00 153 80 10
3.18 -30.96 487.00 158 77 8
3.98 -30.96 487.00 158 77 8
4.77 -30.90 486.00 158 74 4
5.57 -30.90 486.00 157 73 3
6.37 -30.90 486.00 160 76 6
7.17 -30.90 486.00 161 77 7
7.96 -30.83 485.00 161 77 2
8.75 -30.83 485.00 162 78 3
9.55 -30.83 485.00 162 78 3
10.35 -30.83 485.00 162 78 3
11.15 -30.83 485.00 163 79 4
11.94 -30.83 485.00 163 79 4
12.72 -30.77 484.00 164 80 5
13.51 -30.77 484.00 164 80 5
14.31 -30.77 484.00 165 81 6
15.10 -30.77 484.00 166 82 7
15.90 -30.77 484.00 169 85 10
16.70 -30.77 484.00 169 85 10
17.49 -30.77 484.00 170 86 9
18.29 -30.77 484.00 169 85 8
19.09 -30.77 484.00 168 85 8
19.88 -30.77 484.00 168 85 8
20.68 -30.77 484.00 169 86 11
21.47 -30.77 484.00 169 86 11
22.27 -30.77 484.00 169 86 11
23.07 -30.77 484.00 169 86 11
23.91 -30.83 485.00 168 85 8
24.71 -30.83 485.00 168 85 8
25.51 -30.83 485.00 168 85 8
26.36 -30.90 486.00 168 85 8
27.16 -30.90 486.00 168 84 7
27.96 -30.90 486.00 168 84 7
28.76 -30.90 486.00 168 84 7
29.62 -30.96 487.00 168 84 7
30.42 -30.96 487.00 168 84 9
31.22 -30.96 487.00 166 82 7
32.09 -31.02 488.00 168 84 9
32.89 -31.02 488.00 169 85 10
33.69 -31.02 488.00 169 85 12
34.57 -31.09 489.00 168 84 11
35.37 -31.09 489.00 168 85 12
36.17 -31.09 489.00 169 86 13
37.05 -31.15 490.00 167 86 15
37.86 -31.15 490.00 168 87 16
38.74 -31.21 491.00 169 88 19
39.55 -31.21 491.00 170 89 20
40.36 -31.21 491.00 171 94 30
41.25 -31.28 492.00 173 96 32
42.06 -31.28 492.00 173 98 43
43.04 -31.40 494.00 174 99 44
44.03 -31.53 496.00 169 102 60
45.21 -31.79 500.00 170 103 61
46.03 -31.79 500.00 170 127 104
-4.90 -30.59 494.00 154 100 60
-4.07 -30.47 492.00 151 97 57
-3.26 -30.47 492.00 156 95 44
-2.45 -30.40 491.00 151 90 39
-1.63 -30.34 490.00 153 88 34
-0.83 -30.34 490.00 150 85 31
-0.02 -30.28 489.00 154 87 31
0.78 -30.22 488.00 152 85 29
1.58 -30.22 488.00 154 83 22
2.38 -30.16 487.00 152 81 20
3.18 -30.16 487.00 156 80 11
3.98 -30.16 487.00 155 79 10
4.77 -30.09 486.00 156 75 6
5.57 -30.09 486.00 155 74 5
6.37 -30.09 486.00 160 76 6
7.17 -30.09 486.00 161 77 7
7.96 -30.03 485.00 160 77 4
8.75 -30.03 485.00 161 78 5
9.55 -30.03 485.00 161 78 3
10.35 -30.03 485.00 161 78 3
11.15 -30.03 485.00 161 78 3
11.94 -30.03 485.00 162 79 4
12.72 -29.97 484.00 163 80 5
13.51 -29.97 484.00 163 80 5
14.31 -29.97 484.00 163 80 5
15.10 -29.97 484.00 165 82 7
15.90 -29.97 484.00 167 84 7
16.70 -29.97 484.00 165 82 5
17.49 -29.97 484.00 168 85 8
18.29 -29.97 484.00 167 84 7
19.09 -29.97 484.00 167 84 7
19.88 -29.97 484.00 167 84 7
20.68 -29.97 484.00 168 85 10
21.47 -29.97 484.00 168 85 10
22.32 -30.03 485.00 169 86 11
23.11 -30.03 485.00 169 86 11
23.96 -30.09 486.00 168 85 10
24.76 -30.09 486.00 167 84 9
25.56 -30.09 486.00 168 85 10
26.41 -30.16 487.00 167 84 9
27.21 -30.16 487.00 169 85 8
28.02 -30.16 487.00 168 84 7
28.82 -30.16 487.00 168 84 7
29.68 -30.22 488.00 168 84 7
30.48 -30.22 488.00 168 84 9
31.28 -30.22 488.00 168 84 9
32.15 -30.28 489.00 168 84 9
32.96 -30.28 489.00 169 85 10
33.76 -30.28 489.00 168 85 12
34.57 -30.28 489.00 168 85 12
35.44 -30.34 490.00 168 87 16
36.25 -30.34 490.00 168 87 16
37.05 -30.34 490.00 168 87 18
37.94 -30.40 491.00 169 88 19
38.74 -30.40 491.00 168 89 24
39.55 -30.40 491.00 171 92 27
40.44 -30.47 492.00 171 96 34
41.42 -30.59 494.00 172 97 35
42.23 -30.59 494.00 172 99 48
43.22 -30.71 496.00 174 101 50
44.30 -30.90 499.00 163 103 72
45.48 -31.15 503.00 175 115 84
46.31 -31.15 503.00 177 148 134
-4.08 -29.72 493.00 149 101 68
-3.27 -29.72 493.00 154 96 51
-2.45 -29.65 492.00 149 91 46
-1.64 -29.59 491.00 154 90 40
-0.83 -29.59 491.00 152 88 38
-0.02 -29.47 489.00 155 90 38
0.78 -29.47 489.00 154 89 37
1.59 -29.47 489.00 156 89 33
2.39 -29.41 488.00 152 85 29
3.18 -29.35 487.00 154 80 18
3.98 -29.35 487.00 153 79 17
4.78 -29.35 487.00 154 76 8
5.59 -29.35 487.00 154 76 8
6.39 -29.35 487.00 158 77 8
7.19 -29.35 487.00 159 78 9
7.97 -29.29 486.00 161 78 5
8.77 -29.29 486.00 161 78 5
9.57 -29.29 486.00 160 77 4
10.37 -29.29 486.00 160 77 4
11.15 -29.23 485.00 161 78 5
11.94 -29.23 485.00 162 79 6
12.74 -29.23 485.00 163 80 5
13.54 -29.23 485.00 163 80 5
14.34 -29.23 485.00 163 80 5
15.14 -29.23 485.00 164 81 6
15.93 -29.23 485.00 165 82 5
16.73 -29.23 485.00 165 82 5
17.53 -29.23 485.00 167 84 7
18.33 -29.23 485.00 167 84 7
19.12 -29.23 485.00 167 84 7
19.92 -29.23 485.00 167 84 7
20.72 -29.23 485.00 167 84 9
21.52 -29.23 485.00 168 85 10
22.32 -29.23 485.00 168 85 10
23.11 -29.23 485.00 169 86 11
23.96 -29.29 486.00 168 85 10
24.76 -29.29 486.00 168 85 10
25.56 -29.29 486.00 167 84 9
26.41 -29.35 487.00 167 84 9
27.21 -29.35 487.00 169 85 8
28.02 -29.35 487.00 168 84 7
28.82 -29.35 487.00 168 84 7
29.68 -29.41 488.00 168 84 7
30.48 -29.41 488.00 168 84 9
31.28 -29.41 488.00 168 84 9
32.15 -29.47 489.00 169 85 12
32.96 -29.47 489.00 170 86 13
33.76 -29.47 489.00 167 86 15
34.57 -29.47 489.00 167 86 15
35.44 -29.53 490.00 168 87 18
36.25 -29.53 490.00 168 87 18
37.05 -29.53 490.00 167 89 21
37.94 -29.59 491.00 168 90 22
38.74 -29.59 491.00 169 92 28
39.55 -29.59 491.00 173 96 32
40.44 -29.65 492.00 171 97 39
41.42 -29.78 494.00 174 100 42
42.23 -29.78 494.00 169 103 58
43.22 -29.90 496.00 171 105 60
44.30 -30.08 499.00 163 118 95
45.48 -30.32 503.00 189 144 121
-3.28 -29.02 495.00 152 100 62
-2.45 -28.84 492.00 148 96 58
-1.64 -28.78 491.00 152 93 46
-0.83 -28.78 491.00 149 90 43
-0.02 -28.73 490.00 154 90 40
0.78 -28.73 490.00 154 90 40
1.59 -28.73 490.00 156 91 39
2.39 -28.67 489.00 155 90 38
3.19 -28.67 489.00 155 88 30
4.00 -28.67 489.00 151 84 26
4.79 -28.61 488.00 154 80 20
5.60 -28.61 488.00 154 80 20
6.40 -28.61 488.00 157 80 14
7.19 -28.55 487.00 158 81 15
7.99 -28.55 487.00 160 79 12
8.79 -28.55 487.00 160 79 12
9.59 -28.55 487.00 160 79 8
10.39 -28.55 487.00 159 78 7
11.17 -28.49 486.00 159 78 7
11.97 -28.49 486.00 160 79 8
12.77 -28.49 486.00 161 81 7
13.57 -28.49 486.00 160 80 6
14.37 -28.49 486.00 163 80 5
15.17 -28.49 486.00 164 81 6
15.97 -28.49 486.00 164 81 4
16.77 -28.49 486.00 165 82 5
17.57 -28.49 486.00 165 82 5
18.36 -28.49 486.00 164 81 4
19.16 -28.49 486.00 165 82 5
19.96 -28.49 486.00 165 82 5
20.76 -28.49 486.00 167 84 7
21.56 -28.49 486.00 167 84 7
22.36 -28.49 486.00 168 85 10
23.16 -28.49 486.00 169 86 11
24.01 -28.55 487.00 169 86 11
24.81 -28.55 487.00 168 85 10
25.61 -28.55 487.00 167 84 9
26.47 -28.61 488.00 167 84 9
27.27 -28.61 488.00 169 85 10
28.13 -28.67 489.00 168 84 9
28.93 -28.67 489.00 168 84 9
29.74 -28.67 489.00 168 84 9
30.54 -28.67 489.00 168 84 11
31.35 -28.67 489.00 168 84 11
32.22 -28.73 490.00 168 85 12
33.02 -28.73 490.00 170 87 14
33.83 -28.73 490.00 168 87 18
34.64 -28.73 490.00 168 87 18
35.51 -28.78 491.00 166 88 20
36.32 -28.78 491.00 167 89 21
37.13 -28.78 491.00 167 88 23
38.01 -28.84 492.00 170 91 26
38.82 -28.84 492.00 169 94 32
39.63 -28.84 492.00 172 97 35
40.61 -28.96 494.00 171 99 45
41.59 -29.08 496.00 175 103 49
42.57 -29.20 498.00 163 103 70
43.39 -29.20 498.00 179 119 86
44.57 -29.43 502.00 176 146 130
-2.45 -28.03 492.00 147 101 72
-1.64 -27.98 491.00 153 100 57
-0.83 -27.98 491.00 148 95 52
-0.02 -27.92 490.00 152 90 42
0.78 -27.92 490.00 152 90 42
1.59 -27.92 490.00 155 91 41
2.39 -27.86 489.00 156 92 42
3.19 -27.86 489.00 154 89 35
4.00 -27.86 489.00 154 89 35
4.79 -27.80 488.00 155 88 32
5.60 -27.80 488.00 152 85 29
6.40 -27.80 488.00 157 83 23
7.19 -27.75 487.00 159 85 25
7.99 -27.75 487.00 158 84 19
8.79 -27.75 487.00 157 83 18
9.59 -27.75 487.00 157 83 16
10.39 -27.75 487.00 155 81 14
11.17 -27.69 486.00 156 80 11
11.97 -27.69 486.00 157 81 12
12.77 -27.69 486.00 159 81 9
13.60 -27.75 487.00 158 80 8
14.40 -27.75 487.00 161 81 7
15.20 -27.75 487.00 161 81 7
16.00 -27.75 487.00 164 81 6
16.80 -27.75 487.00 164 81 6
17.60 -27.75 487.00 164 81 4
18.40 -27.75 487.00 164 81 4
19.20 -27.75 487.00 165 82 5
20.00 -27.75 487.00 165 82 5
20.81 -27.75 487.00 167 84 9
21.61 -27.75 487.00 167 84 9
22.41 -27.75 487.00 168 85 12
23.21 -27.75 487.00 169 86 13
24.06 -27.80 488.00 168 85 12
24.91 -27.86 489.00 168 85 12
25.72 -27.86 489.00 167 84 11
26.52 -27.86 489.00 167 84 11
27.33 -27.86 489.00 169 85 12
28.19 -27.92 490.00 168 84 11
28.99 -27.92 490.00 168 84 11
29.80 -27.92 490.00 169 85 12
30.61 -27.92 490.00 168 83 13
31.41 -27.92 490.00 169 84 14
32.28 -27.98 491.00 168 87 18
33.09 -27.98 491.00 169 88 19
33.90 -27.98 491.00 166 87 22
34.71 -27.98 491.00 166 87 22
35.59 -28.03 492.00 166 87 22
36.47 -28.09 493.00 167 88 23
37.28 -28.09 493.00 169 92 28
38.17 -28.15 494.00 171 94 30
38.98 -28.15 494.00 170 96 38
39.79 -28.15 494.00 173 99 41
40.77 -28.26 496.00 170 101 55
41.75 -28.37 498.00 172 103 57
42.92 -28.60 502.00 158 113 88
43.74 -28.60 502.00 197 152 127
-1.64 -27.22 492.00 152 104 71
-0.83 -27.22 492.00 149 101 68
-0.02 -27.17 491.00 152 97 55
0.78 -27.11 490.00 148 93 51
1.59 -27.11 490.00 153 91 43
2.40 -27.11 490.00 153 91 43
3.19 -27.05 489.00 154 90 38
4.00 -27.05 489.00 154 90 38
4.80 -27.05 489.00 158 90 37
5.61 -27.05 489.00 157 89 36
6.41 -27.05 489.00 156 87 30
7.22 -27.05 489.00 156 87 30
8.00 -27.00 488.00 157 86 25
8.81 -27.00 488.00 155 84 23
9.61 -27.00 488.00 156 83 18
10.41 -27.00 488.00 154 81 16
11.19 -26.94 487.00 154 80 13
11.99 -26.94 487.00 154 80 13
12.79 -26.94 487.00 157 81 10
13.60 -26.94 487.00 157 81 10
14.40 -26.94 487.00 161 80 9
15.20 -26.94 487.00 161 80 9
16.00 -26.94 487.00 164 81 6
16.80 -26.94 487.00 164 81 6
17.60 -26.94 487.00 164 81 4
18.40 -26.94 487.00 165 82 5
19.20 -26.94 487.00 165 82 7
20.00 -26.94 487.00 167 84 9
20.81 -26.94 487.00 165 85 11
21.61 -26.94 487.00 165 85 11
22.41 -26.94 487.00 166 86 12
23.21 -26.94 487.00 166 86 12
24.06 -27.00 488.00 166 86 12
24.91 -27.05 489.00 166 86 12
25.72 -27.05 489.00 165 85 11
26.52 -27.05 489.00 166 86 12
27.33 -27.05 489.00 168 85 12
28.19 -27.11 490.00 167 84 11
28.99 -27.11 490.00 167 83 13
29.80 -27.11 490.00 168 84 14
30.61 -27.11 490.00 169 85 17
31.41 -27.11 490.00 170 86 18
32.28 -27.17 491.00 168 90 22
33.09 -27.17 491.00 168 90 22
33.90 -27.17 491.00 165 88 24
34.71 -27.17 491.00 165 88 24
35.59 -27.22 492.00 167 89 28
36.47 -27.28 493.00 167 89 28
37.28 -27.28 493.00 168 93 33
38.17 -27.33 494.00 170 95 35
38.98 -27.33 494.00 171 98 47
39.79 -27.33 494.00 174 101 50
40.77 -27.44 496.00 157 97 64
41.75 -27.55 498.00 169 109 76
42.92 -27.77 502.00 190 162 145
-0.84 -26.52 494.00 139 105 81
-0.02 -26.41 492.00 153 103 69
0.78 -26.36 491.00 147 97 63
1.59 -26.36 491.00 151 93 50
2.40 -26.36 491.00 150 92 49
3.20 -26.30 490.00 154 89 42
4.01 -26.30 490.00 154 89 42
4.81 -26.30 490.00 155 90 38
5.62 -26.30 490.00 156 91 39
6.41 -26.25 489.00 158 90 37
7.22 -26.25 489.00 156 88 35
8.02 -26.25 489.00 155 86 29
8.83 -26.25 489.00 153 84 27
9.63 -26.25 489.00 154 83 22
10.43 -26.25 489.00 152 81 20
11.22 -26.19 488.00 153 80 15
12.02 -26.19 488.00 153 80 15
12.82 -26.19 488.00 155 82 12
13.62 -26.19 488.00 155 82 12
14.43 -26.19 488.00 159 81 9
15.23 -26.19 488.00 159 81 9
16.03 -26.19 488.00 163 83 9
16.83 -26.19 488.00 162 82 8
17.64 -26.19 488.00 163 83 9
18.44 -26.19 488.00 165 85 11
19.24 -26.19 488.00 166 86 12
20.05 -26.19 488.00 167 87 13
20.85 -26.19 488.00 164 86 14
21.65 -26.19 488.00 164 86 14
22.50 -26.25 489.00 165 87 15
23.30 -26.25 489.00 165 87 15
24.11 -26.25 489.00 164 86 14
24.96 -26.30 490.00 164 86 14
25.77 -26.30 490.00 167 86 15
26.58 -26.30 490.00 168 87 16
27.38 -26.30 490.00 167 86 17
28.25 -26.36 491.00 168 87 18
29.05 -26.36 491.00 168 87 20
29.86 -26.36 491.00 168 87 20
30.67 -26.36 491.00 167 88 23
31.48 -26.36 491.00 168 89 24
32.35 -26.41 492.00 167 90 26
33.16 -26.41 492.00 167 90 26
33.97 -26.41 492.00 165 87 26
34.85 -26.46 493.00 166 88 27
35.73 -26.52 494.00 165 90 32
36.62 -26.57 495.00 167 92 34
37.43 -26.57 495.00 166 93 42
38.32 -26.62 496.00 169 96 45
39.22 -26.68 497.00 168 102 60
40.04 -26.68 497.00 162 96 54
41.02 -26.79 499.00 162 121 100
-0.02 -25.60 492.00 146 107 85
0.78 -25.55 491.00 145 106 84
1.59 -25.55 491.00 151 101 65
2.40 -25.55 491.00 147 97 61
3.21 -25.55 491.00 152 92 50
4.02 -25.55 491.00 151 91 49
4.82 -25.55 491.00 154 89 42
5.63 -25.55 491.00 155 90 43
6.43 -25.49 490.00 156 91 39
7.23 -25.49 490.00 155 90 38
8.04 -25.49 490.00 156 89 33
8.84 -25.49 490.00 155 88 32
9.65 -25.49 490.00 153 84 27
10.46 -25.49 490.00 152 83 26
11.24 -25.44 489.00 154 83 22
12.04 -25.44 489.00 152 81 20
12.85 -25.44 489.00 154 81 14
13.65 -25.44 489.00 156 83 16
14.46 -25.44 489.00 159 83 12
15.26 -25.44 489.00 160 84 13
16.06 -25.44 489.00 164 86 16
16.87 -25.44 489.00 164 86 16
17.67 -25.44 489.00 165 87 17
18.48 -25.44 489.00 165 87 17
19.28 -25.44 489.00 165 87 17
20.09 -25.44 489.00 166 88 18
20.89 -25.44 489.00 165 87 17
21.70 -25.44 489.00 165 87 17
22.50 -25.44 489.00 165 87 17
23.30 -25.44 489.00 165 87 17
24.16 -25.49 490.00 166 88 18
24.96 -25.49 490.00 166 88 18
25.77 -25.49 490.00 167 89 19
26.63 -25.55 491.00 167 89 19
27.44 -25.55 491.00 168 90 22
28.25 -25.55 491.00 168 90 22
29.05 -25.55 491.00 167 90 26
29.92 -25.60 492.00 170 93 29
30.73 -25.60 492.00 167 89 28
31.54 -25.60 492.00 166 88 27
32.42 -25.65 493.00 166 88 27
33.29 -25.70 494.00 167 89 28
34.11 -25.70 494.00 165 90 30
34.99 -25.75 495.00 167 92 32
35.88 -25.81 496.00 166 93 44
36.84 -25.91 498.00 168 95 46
37.66 -25.91 498.00 166 100 58
38.56 -25.96 499.00 167 101 59
39.53 -26.07 501.00 153 102 77
40.60 -26.22 504.00 178 127 102
41.43 -26.22 504.00 192 171 156
1.60 -24.84 493.00 145 102 77
2.41 -24.79 492.00 145 102 77
3.21 -24.74 491.00 152 99 64
4.02 -24.74 491.00 149 96 61
4.82 -24.74 491.00 154 94 52
5.63 -24.74 491.00 152 92 50
6.43 -24.69 490.00 156 91 44
7.23 -24.69 490.00 155 90 43
8.04 -24.69 490.00 155 90 38
8.84 -24.69 490.00 154 89 37
9.65 -24.69 490.00 156 88 35
10.46 -24.69 490.00 155 87 34
11.24 -24.64 489.00 156 87 32
12.04 -24.64 489.00 155 86 31
12.85 -24.64 489.00 155 84 25
13.65 -24.64 489.00 157 86 27
14.46 -24.64 489.00 160 87 22
15.26 -24.64 489.00 161 88 23
16.06 -24.64 489.00 162 88 21
16.87 -24.64 489.00 162 88 21
17.67 -24.64 489.00 165 88 22
18.48 -24.64 489.00 165 88 22
19.28 -24.64 489.00 165 89 20
20.09 -24.64 489.00 166 90 21
20.89 -24.64 489.00 165 89 20
21.70 -24.64 489.00 165 89 20
22.50 -24.64 489.00 165 89 20
23.30 -24.64 489.00 166 90 21
24.16 -24.69 490.00 166 89 23
24.96 -24.69 490.00 167 90 24
25.77 -24.69 490.00 167 90 24
26.63 -24.74 491.00 169 92 26
27.44 -24.74 491.00 168 94 29
28.25 -24.74 491.00 168 94 29
29.05 -24.74 491.00 167 92 32
29.92 -24.79 492.00 168 93 33
30.73 -24.79 492.00 165 90 30
31.54 -24.79 492.00 165 90 30
32.42 -24.84 493.00 167 92 34
33.29 -24.89 494.00 168 93 35
34.11 -24.89 494.00 166 94 40
34.99 -24.94 495.00 169 97 43
35.88 -24.99 496.00 169 102 60
36.84 -25.09 498.00 169 102 60
37.66 -25.09 498.00 155 104 77
38.86 -25.34 503.00 164 113 86
3.21 -23.98 492.00 147 104 79
4.02 -23.98 492.00 145 102 77
4.83 -23.98 492.00 154 99 64
5.63 -23.93 491.00 153 98 63
6.44 -23.93 491.00 155 95 53
7.25 -23.93 491.00 152 92 50
8.05 -23.93 491.00 156 90 43
8.86 -23.93 491.00 155 89 42
9.67 -23.93 491.00 154 89 37
10.46 -23.88 490.00 153 88 36
11.26 -23.88 490.00 156 88 35
12.07 -23.88 490.00 157 89 36
12.87 -23.88 490.00 158 89 34
13.65 -23.83 489.00 158 89 34
14.46 -23.83 489.00 161 89 33
15.26 -23.83 489.00 160 88 32
16.10 -23.88 490.00 163 89 29
16.90 -23.88 490.00 163 89 29
17.71 -23.88 490.00 164 89 27
18.52 -23.88 490.00 164 89 27
19.32 -23.88 490.00 164 90 25
20.13 -23.88 490.00 164 90 25
20.93 -23.88 490.00 163 89 24
21.74 -23.88 490.00 163 89 24
22.55 -23.88 490.00 164 90 25
23.35 -23.88 490.00 165 91 26
24.21 -23.93 491.00 165 91 26
25.01 -23.93 491.00 165 91 26
25.82 -23.93 491.00 167 92 30
26.63 -23.93 491.00 168 93 31
27.49 -23.98 492.00 168 94 34
28.30 -23.98 492.00 168 94 34
29.11 -23.98 492.00 167 93 35
29.98 -24.02 493.00 167 93 35
30.79 -24.02 493.00 166 92 34
31.60 -24.02 493.00 167 93 35
32.55 -24.12 495.00 168 96 42
33.43 -24.17 496.00 169 97 43
34.38 -24.27 498.00 164 98 53
35.20 -24.27 498.00 169 103 58
36.17 -24.37 500.00 162 108 82
37.14 -24.46 502.00 167 113 87
37.96 -24.46 502.00 180 150 132
38.86 -24.51 503.00 196 166 148
4.87 -23.35 496.00 147 107 81
5.68 -23.31 495.00 143 103 77
6.48 -23.26 494.00 155 100 65
7.29 -23.26 494.00 152 97 62
8.09 -23.21 493.00 157 94 53
8.90 -23.21 493.00 154 91 50
9.71 -23.21 493.00 156 90 45
10.50 -23.16 492.00 155 89 44
11.28 -23.12 491.00 157 89 40
12.09 -23.12 491.00 158 90 41
12.87 -23.07 490.00 159 91 42
13.68 -23.07 490.00 161 93 44
14.52 -23.12 491.00 161 93 40
15.29 -23.07 490.00 161 93 40
16.10 -23.07 490.00 160 91 36
16.94 -23.12 491.00 160 91 36
17.75 -23.12 491.00 164 92 36
18.55 -23.12 491.00 164 92 36
19.36 -23.12 491.00 162 91 32
20.17 -23.12 491.00 162 91 32
20.98 -23.12 491.00 163 89 29
21.78 -23.12 491.00 163 89 29
22.59 -23.12 491.00 164 90 30
23.40 -23.12 491.00 166 92 32
24.26 -23.16 492.00 167 93 33
25.07 -23.16 492.00 167 93 33
25.87 -23.16 492.00 168 94 36
26.68 -23.16 492.00 169 95 37
27.55 -23.21 493.00 167 95 39
28.42 -23.26 494.00 167 95 39
29.23 -23.26 494.00 167 95 41
30.04 -23.26 494.00 167 95 41
30.92 -23.31 495.00 165 95 43
31.73 -23.31 495.00 167 97 45
32.68 -23.40 497.00 166 100 55
33.63 -23.49 499.00 168 102 57
34.66 -23.64 502.00 162 106 78
35.48 -23.64 502.00 171 115 87
36.45 -23.73 504.00 167 132 117
37.43 -23.82 506.00 198 163 148
5.68 -22.49 495.00 150 127 108
6.48 -22.44 494.00 149 111 84
7.29 -22.44 494.00 142 104 77
8.09 -22.40 493.00 156 99 65
8.90 -22.40 493.00 154 97 63
9.71 -22.40 493.00 155 95 55
10.50 -22.35 492.00 154 94 54
11.28 -22.31 491.00 156 90 48
12.09 -22.31 491.00 156 90 48
12.87 -22.26 490.00 159 93 46
13.68 -22.26 490.00 160 94 47
14.52 -22.31 491.00 161 96 46
15.29 -22.26 490.00 162 97 47
16.10 -22.26 490.00 161 96 46
16.94 -22.31 491.00 161 96 46
17.75 -22.31 491.00 161 96 44
18.55 -22.31 491.00 161 96 44
19.36 -22.31 491.00 162 95 39
20.17 -22.31 491.00 161 94 38
20.98 -22.31 491.00 162 93 38
21.78 -22.31 491.00 162 93 38
22.59 -22.31 491.00 165 93 39
23.40 -22.31 491.00 166 94 40
24.26 -22.35 492.00 168 96 42
25.07 -22.35 492.00 167 95 41
25.87 -22.35 492.00 166 96 44
26.68 -22.35 492.00 166 96 44
27.55 -22.40 493.00 166 98 47
28.53 -22.53 496.00 166 98 47
29.35 -22.53 496.00 166 101 51
30.23 -22.58 497.00 163 98 48
31.17 -22.67 499.00 159 96 57
32.18 -22.81 502.00 161 98 59
33.01 -22.81 502.00 159 105 79
33.97 -22.90 504.00 169 115 89
34.93 -22.99 506.00 169 134 119
35.77 -22.99 506.00 186 151 136
36.82 -23.13 509.00 188 171 157
7.33 -21.76 497.00 155 135 115
8.14 -21.72 496.00 156 116 92
8.93 -21.67 495.00 142 102 78
9.75 -21.67 495.00 156 103 70
10.52 -21.59 493.00 153 100 67
11.31 -21.54 492.00 156 97 59
12.12 -21.54 492.00 155 96 58
12.90 -21.50 491.00 158 95 54
13.71 -21.50 491.00 157 94 53
14.52 -21.50 491.00 158 96 50
15.32 -21.50 491.00 159 97 51
16.13 -21.50 491.00 160 98 52
16.94 -21.50 491.00 160 98 52
17.78 -21.54 492.00 159 97 51
18.59 -21.54 492.00 158 96 50
19.36 -21.50 491.00 159 94 47
20.17 -21.50 491.00 159 94 47
20.98 -21.50 491.00 161 96 44
21.83 -21.54 492.00 162 97 45
22.64 -21.54 492.00 162 97 45
23.45 -21.54 492.00 164 99 47
24.26 -21.54 492.00 167 102 52
25.12 -21.59 493.00 166 101 51
25.98 -21.63 494.00 167 101 54
26.79 -21.63 494.00 167 101 54
27.66 -21.67 495.00 166 103 60
28.53 -21.72 496.00 166 103 60
29.35 -21.72 496.00 161 106 73
30.23 -21.76 497.00 166 111 78
31.17 -21.85 499.00 164 123 102
32.18 -21.98 502.00 176 135 114
33.01 -21.98 502.00 168 139 125
33.97 -22.07 504.00 191 162 148
34.93 -22.15 506.00 190 173 159
9.01 -21.03 499.00 155 132 113
9.83 -21.03 499.00 155 121 97
10.60 -20.94 497.00 146 112 88
11.40 -20.90 496.00 154 108 79
12.22 -20.90 496.00 151 105 76
13.00 -20.86 495.00 156 103 70
13.82 -20.86 495.00 157 104 71
14.63 -20.86 495.00 159 103 66
15.45 -20.86 495.00 156 100 63
16.26 -20.86 495.00 160 102 61
17.08 -20.86 495.00 158 100 59
17.89 -20.86 495.00 157 99 58
18.70 -20.86 495.00 157 99 58
19.52 -20.86 495.00 159 99 59
20.33 -20.86 495.00 159 99 59
21.15 -20.86 495.00 161 98 57
21.96 -20.86 495.00 161 98 57
22.78 -20.86 495.00 163 100 59
23.59 -20.86 495.00 165 102 61
24.45 -20.90 496.00 164 103 66
25.32 -20.94 497.00 166 105 68
26.19 -20.98 498.00 165 109 72
27.01 -20.98 498.00 162 106 69
27.88 -21.03 499.00 158 114 86
28.76 -21.07 500.00 159 115 87
29.59 -21.07 500.00 167 137 119
30.47 -21.11 501.00 183 153 135
31.42 -21.19 503.00 186 165 152
32.44 -21.32 506.00 192 171 158
11.40 -20.08 496.00 152 123 102
12.22 -20.08 496.00 146 117 96
13.00 -20.04 495.00 154 114 90
13.82 -20.04 495.00 155 115 91
14.63 -20.04 495.00 159 115 87
15.45 -20.04 495.00 153 109 81
16.26 -20.04 495.00 157 111 82
17.08 -20.04 495.00 154 108 79
17.89 -20.04 495.00 156 107 77
18.70 -20.04 495.00 156 107 77
19.68 -20.20 499.00 155 105 73
20.50 -20.20 499.00 157 107 75
21.32 -20.20 499.00 156 106 74
22.18 -20.24 500.00 157 107 75
23.01 -20.24 500.00 161 110 81
23.83 -20.24 500.00 167 116 87
24.65 -20.24 500.00 167 122 97
25.52 -20.28 501.00 173 128 103
26.40 -20.32 502.00 163 127 106
27.23 -20.32 502.00 174 138 117
28.11 -20.36 503.00 169 145 129
29.05 -20.45 505.00 184 160 144
29.94 -20.49 506.00 179 164 154
13.14 -19.42 500.00 154 130 114
13.93 -19.38 499.00 152 128 112
14.75 -19.38 499.00 155 125 109
15.57 -19.38 499.00 156 126 110
16.39 -19.38 499.00 155 125 107
17.21 -19.38 499.00 155 125 107
18.03 -19.38 499.00 157 125 105
18.86 -19.38 499.00 157 125 105
19.68 -19.38 499.00 163 129 107
20.50 -19.38 499.00 159 125 103
21.32 -19.38 499.00 160 124 103
22.18 -19.42 500.00 158 122 101
23.01 -19.42 500.00 163 129 109
23.83 -19.42 500.00 163 129 109
24.65 -19.42 500.00 160 130 114
25.52 -19.46 501.00 160 130 114
26.40 -19.50 502.00 163 139 127
27.23 -19.50 502.00 174 150 138
15.76 -18.78 505.00 154 135 122
16.59 -18.78 505.00 153 134 119
17.42 -18.78 505.00 153 134 119
18.22 -18.74 504.00 155 134 117
19.04 -18.74 504.00 154 133 116
19.87 -18.74 504.00 156 132 116
20.70 -18.74 504.00 155 131 115
21.57 -18.78 505.00 157 131 116
22.41 -18.78 505.00 157 131 116
23.24 -18.78 505.00 158 134 120
24.07 -18.78 505.00 159 135 121
24.90 -18.78 505.00 157 137 127
